7;0;0;0;0;2;17;1;1;2;0;0;2;0;1;0;0;1
5;0;0;0;1;2;18;2;1;2;1;0;0;2;4;0;2;1
7;1;0;0;1;1;17;3;0;2;0;0;0;1;3;0;0;2
7;0;0;1;0;1;18;3;1;2;1;0;3;1;1;0;2;1
9;1;0;0;1;1;17;5;0;2;0;0;0;3;4;0;0;1
9;0;0;0;1;2;16;3;0;2;0;0;0;1;4;0;0;1
8;1;0;1;1;1;18;3;0;2;1;0;0;2;3;0;1;2
11;0;0;0;0;2;16;3;1;2;1;0;0;1;3;0;0;1
11;0;0;0;1;1;16;2;0;2;0;0;1;1;4;0;0;1
4;1;0;2;1;1;19;2;1;2;0;0;0;2;3;0;0;1
6;1;0;1;1;1;19;2;1;2;0;0;3;0;1;0;0;1
7;0;0;0;1;1;20;2;1;2;1;0;0;2;3;0;0;0
3;1;0;0;1;1;16;3;1;2;0;0;0;3;4;1;0;2
9;1;0;0;1;2;17;3;1;2;0;0;0;3;3;1;0;2
2;1;0;0;1;1;17;4;0;2;0;0;0;3;2;1;0;2
6;0;0;0;0;2;17;2;1;2;1;0;3;0;1;1;2;1
4;2;0;0;0;2;18;3;1;2;0;0;0;3;3;1;0;2
7;0;0;0;1;2;17;2;1;2;0;0;3;0;1;1;0;2
2;1;0;0;1;1;17;4;0;2;0;0;0;3;2;1;0;2
6;0;0;3;1;2;21;3;1;2;1;0;4;3;1;1;0;2
2;0;0;3;2;2;23;3;1;2;1;0;0;2;3;1;2;2
7;1;0;1;1;2;18;3;0;2;0;1;1;0;1;1;0;2
9;0;0;3;0;1;22;2;1;2;1;0;4;1;1;1;0;1
8;0;0;0;1;2;18;3;1;2;0;0;0;3;4;1;0;2
3;1;0;3;1;2;22;3;1;2;1;0;0;3;3;1;0;2
5;1;0;0;1;1;17;3;1;2;0;0;0;2;4;1;0;2
3;1;0;0;0;1;17;2;0;2;0;0;1;0;1;1;0;0
3;1;0;3;1;2;36;2;1;2;1;0;2;0;3;1;0;1
10;1;0;3;0;1;21;3;1;2;1;0;0;2;3;1;0;0
7;1;3;0;1;2;16;3;0;2;0;0;0;3;4;1;0;2
4;0;0;3;0;2;24;2;1;2;1;0;3;0;2;1;0;2
5;1;0;0;0;2;17;4;0;2;0;0;0;3;1;1;0;2
7;0;0;3;2;1;20;2;0;2;1;0;4;1;1;1;2;0
9;0;0;3;1;2;25;2;0;2;0;0;2;1;3;1;0;2
8;1;0;0;1;2;18;5;0;2;0;0;0;3;3;1;0;2
2;0;1;0;0;0;16;1;1;1;0;0;0;1;1;1;2;0
4;0;0;1;0;1;21;2;1;2;1;1;3;0;3;1;0;1
2;1;0;3;0;2;25;3;0;2;1;0;3;0;1;1;0;2
6;1;0;0;1;2;18;5;0;2;0;0;0;3;2;1;0;2
11;1;0;0;1;1;17;3;0;2;0;0;0;1;1;1;0;2
4;2;0;3;1;2;26;3;1;2;1;0;1;0;1;1;2;1
6;1;0;3;0;1;21;3;0;2;1;0;3;0;3;1;0;2
6;1;0;3;0;1;29;3;1;2;1;0;1;0;1;1;0;2
2;0;0;2;0;1;19;2;1;2;1;0;2;0;3;1;0;1
6;1;0;1;0;3;19;3;1;2;0;0;0;3;4;1;0;2
6;2;0;3;0;1;17;5;0;2;0;0;3;1;2;1;0;2
4;1;0;1;1;1;18;3;0;2;1;0;0;2;3;1;0;2
5;1;0;0;1;1;19;3;0;2;0;0;3;1;4;1;0;2
5;1;0;0;1;1;19;3;0;2;0;0;3;1;4;1;0;2
2;1;1;0;2;0;16;2;0;2;0;0;0;3;4;1;2;0
2;0;1;0;0;0;16;1;1;1;0;0;0;1;1;1;2;0
6;1;3;2;1;2;17;4;0;2;0;0;3;3;3;1;0;2
3;0;1;0;2;0;16;2;0;0;0;0;0;2;2;1;2;2
9;0;1;3;1;1;18;2;1;1;0;0;1;0;1;1;0;2
9;0;1;3;1;1;18;2;1;1;0;0;1;0;1;1;0;2
3;0;1;0;2;2;15;3;1;1;0;0;0;3;1;1;2;2
5;0;2;3;0;0;19;1;0;2;0;0;0;1;3;1;0;2
2;1;0;1;0;1;18;3;1;2;1;0;0;0;1;1;2;2
8;1;3;0;1;1;18;5;0;2;0;0;0;0;2;1;0;1
7;1;3;0;1;3;17;3;1;2;0;0;3;3;3;1;0;2
8;1;3;0;1;4;18;4;1;2;0;0;0;3;1;1;0;2
8;0;2;3;0;2;30;2;1;0;1;0;3;1;1;1;0;2
9;0;2;1;2;0;20;1;0;2;1;1;1;0;2;1;0;1
2;0;2;3;0;0;22;1;1;2;0;0;2;0;2;1;2;1
5;0;1;3;1;0;23;3;0;1;1;1;2;0;1;1;2;2
4;1;0;2;1;2;15;4;0;2;1;0;0;3;3;2;0;0
8;0;0;0;0;1;17;2;0;2;0;0;1;1;2;2;0;1
11;0;0;0;1;2;16;2;1;2;0;0;0;1;3;2;2;1
5;0;0;3;0;1;25;2;1;2;1;0;1;1;3;2;2;1
2;1;0;0;1;3;17;3;1;2;0;0;0;1;2;2;0;1
11;0;0;0;0;2;17;3;1;2;0;0;1;0;1;2;0;2
7;1;0;3;1;4;16;3;0;2;0;0;3;3;4;2;0;2
7;1;0;0;1;3;17;3;0;2;0;0;1;3;4;2;1;1
11;0;0;0;0;2;18;3;1;2;0;0;3;1;1;2;2;2
8;0;0;0;0;3;16;2;1;2;0;0;0;1;4;2;2;2
2;0;0;1;1;2;20;3;1;2;0;0;0;1;4;2;0;0
4;2;0;0;1;2;17;3;0;2;0;0;0;2;3;2;0;2
5;1;0;2;1;2;16;3;0;2;0;0;0;3;2;2;0;2
6;2;0;0;1;2;17;3;1;2;0;0;0;2;4;2;0;2
2;1;0;0;0;2;16;3;0;2;0;0;0;3;4;2;0;1
5;1;0;3;1;3;17;3;0;2;0;0;1;3;4;2;0;2
7;1;0;0;1;2;16;4;1;2;0;0;0;3;2;2;0;2
6;2;0;0;1;2;17;3;0;2;0;0;0;3;4;2;0;2
10;1;0;0;1;2;18;4;1;2;0;0;3;1;1;2;0;2
7;0;0;0;0;2;17;2;1;2;0;0;0;2;3;2;0;2
8;1;0;0;0;2;23;3;1;2;1;0;3;1;2;2;0;1
6;0;0;3;0;1;23;2;1;2;1;0;3;1;2;2;0;1
9;1;0;0;1;2;17;5;0;2;0;0;0;3;3;2;0;0
4;0;0;2;1;2;18;3;1;2;0;0;0;3;3;2;0;2
5;0;0;0;0;1;18;4;0;2;0;0;0;2;3;2;0;2
6;1;0;0;1;2;19;3;1;2;1;0;0;2;3;2;0;1
11;0;0;0;0;1;16;2;1;2;0;0;4;1;4;2;0;1
5;1;0;0;1;2;18;3;1;2;0;0;0;3;1;2;0;2
7;1;0;0;1;2;19;3;1;2;1;0;1;3;1;2;0;1
8;1;0;0;1;2;17;3;1;2;0;0;0;3;4;2;0;1
11;0;0;3;1;2;18;3;1;2;0;0;0;0;1;2;0;0
11;0;0;0;1;3;18;3;1;2;1;0;0;3;3;2;0;1
6;0;0;0;1;2;18;2;1;2;1;0;1;0;1;2;0;0
5;0;0;2;0;2;16;4;1;2;0;0;0;2;4;2;0;1
11;0;0;0;0;2;19;2;0;2;1;0;2;0;1;2;0;1
8;0;0;3;0;2;16;4;1;2;0;0;0;3;3;2;0;1
8;1;0;1;0;2;18;3;0;2;1;0;1;0;3;2;0;2
7;1;0;0;1;2;16;3;1;2;0;0;0;3;4;2;0;1
4;1;0;0;0;3;18;3;1;2;0;0;0;3;4;2;0;2
11;0;0;2;1;2;19;2;1;2;1;0;3;0;3;2;0;1
4;1;0;0;1;1;16;3;1;2;0;0;0;3;4;2;0;2
6;1;3;0;1;3;18;4;1;2;0;0;0;3;2;2;0;2
2;0;0;3;0;1;20;3;1;2;1;0;0;2;4;2;0;1
7;1;0;0;1;2;18;4;0;2;1;0;0;3;4;2;0;2
8;0;0;3;1;1;19;3;0;2;0;0;0;1;4;2;0;2
11;0;0;3;1;1;21;4;1;2;1;0;0;2;2;2;1;1
11;2;0;1;0;4;19;4;1;2;1;0;4;2;1;2;2;0
7;2;1;0;1;4;16;6;1;0;0;0;3;3;1;2;1;2
9;1;0;1;1;2;19;3;0;2;1;0;3;3;4;2;0;2
11;0;0;0;1;2;17;3;0;2;0;0;3;3;4;2;0;2
7;0;0;1;1;3;19;2;1;2;1;0;0;1;3;2;0;2
11;1;1;0;1;1;18;3;0;2;0;0;0;3;4;2;0;2
10;0;0;3;1;2;19;2;0;2;0;0;3;0;1;2;0;2
7;0;0;0;0;3;17;3;1;2;0;0;1;3;4;2;0;2
7;1;0;0;1;2;17;4;1;2;0;0;0;3;4;2;0;1
10;0;0;0;0;2;17;2;1;2;0;0;0;0;2;2;0;1
5;1;0;1;0;2;23;2;1;2;1;0;0;0;2;2;0;0
11;1;0;1;0;0;19;3;0;2;0;0;3;2;1;2;0;2
9;0;0;0;1;2;18;3;1;2;0;0;3;1;4;2;0;2
6;1;3;0;1;4;17;5;1;2;0;0;1;3;4;2;0;2
3;1;0;0;1;2;18;3;1;2;0;0;0;3;4;2;0;1
8;1;0;0;0;2;17;3;1;2;0;0;1;1;2;2;0;2
6;0;0;0;1;3;17;3;0;2;0;0;1;1;1;2;0;1
10;1;0;0;0;1;17;4;0;2;0;0;1;3;4;2;0;1
11;1;0;1;1;2;21;3;0;2;1;0;1;3;3;2;0;1
5;0;0;0;0;2;17;2;1;2;0;0;3;1;4;2;2;2
7;2;0;2;1;1;20;3;1;2;1;0;3;1;4;3;0;2
3;1;0;0;1;2;17;4;1;2;1;0;0;2;4;3;0;2
4;1;0;0;0;2;17;3;0;2;0;0;2;0;1;3;0;1
3;0;0;0;0;1;18;2;1;2;0;0;2;1;4;3;0;2
2;1;0;0;1;1;18;5;0;2;0;0;0;1;1;3;0;1
2;1;0;0;0;2;17;4;0;2;0;0;0;2;2;3;0;2
7;2;0;3;1;2;18;2;0;2;0;0;4;1;1;3;0;2
10;1;0;1;1;2;19;4;0;2;1;0;4;2;1;3;0;2
7;1;0;3;1;3;18;4;1;2;0;0;0;3;3;3;0;2
6;0;0;3;2;1;18;2;0;2;1;0;3;1;2;3;0;2
2;1;0;2;0;1;19;3;0;2;1;0;2;2;2;3;2;2
5;1;0;2;0;0;17;4;0;2;0;0;1;3;4;3;0;2
5;1;0;3;1;2;20;3;0;2;1;0;1;3;4;3;0;2
8;1;0;3;1;0;20;2;0;2;0;0;0;1;1;3;0;2
9;1;0;0;0;1;19;3;0;2;0;0;1;1;4;3;0;2
5;1;0;0;1;2;17;3;0;2;0;0;1;3;4;3;1;2
10;1;0;0;0;2;18;5;1;2;1;0;1;0;1;3;0;2
4;0;0;3;0;1;21;3;0;2;1;0;4;1;2;3;0;2
9;2;0;3;0;4;35;4;1;2;1;0;3;0;1;3;0;2
5;1;0;1;1;2;19;4;0;2;0;0;2;1;1;3;0;2
11;2;0;0;0;1;19;2;0;2;1;0;1;1;2;3;2;2
2;1;0;3;1;1;23;2;0;2;1;0;0;3;3;3;0;2
11;0;0;3;1;1;24;2;1;2;1;0;0;2;4;3;0;2
11;1;0;0;1;2;16;3;1;2;0;0;3;1;4;3;0;2
10;1;0;0;1;2;17;4;1;2;0;0;0;3;2;3;0;0
3;0;1;1;1;0;18;2;0;2;0;0;1;0;1;3;2;2
3;1;0;0;1;0;18;3;0;2;0;0;0;2;2;3;0;2
3;1;0;0;0;1;18;3;0;2;0;0;0;3;2;3;0;2
7;1;0;3;1;3;21;4;0;2;1;0;0;3;4;3;2;2
5;1;0;0;1;3;18;4;1;2;0;0;0;3;4;3;0;2
10;1;0;0;1;2;18;4;1;2;0;0;3;0;1;3;0;1
9;0;0;2;1;1;19;2;0;2;1;0;1;0;4;3;0;2
4;1;0;0;1;0;18;4;0;2;0;0;1;3;2;3;0;2
3;0;0;0;1;1;17;2;1;2;0;0;1;1;4;3;0;2
3;1;0;0;0;3;17;3;1;2;0;0;1;1;4;3;0;2
8;1;0;3;1;2;21;3;1;2;1;0;0;2;2;3;0;2
10;0;0;3;2;1;16;2;0;2;0;1;1;0;2;3;0;1
6;1;0;1;0;2;18;3;0;2;1;0;1;0;4;3;0;2
6;1;0;1;0;2;18;3;0;2;1;0;1;0;4;3;0;2
10;0;0;0;1;1;16;2;1;2;1;0;2;2;4;4;0;1
8;1;0;0;1;1;17;2;0;2;0;0;0;2;4;4;0;1
2;0;0;1;1;2;18;2;0;2;1;0;1;1;4;4;0;2
5;1;0;3;1;2;20;2;0;2;1;0;1;3;3;4;0;1
11;0;0;0;1;3;15;2;1;2;1;0;2;0;1;4;0;1
5;1;0;0;1;1;17;3;0;2;0;0;0;3;3;4;0;1
11;1;3;0;1;3;17;4;1;2;0;0;0;3;2;4;0;2
9;0;0;0;1;1;20;3;1;2;1;0;0;1;4;4;0;1
6;1;0;0;1;2;18;3;1;2;1;0;0;2;3;4;0;1
4;0;0;2;1;2;17;3;1;2;0;0;2;2;2;4;0;0
5;1;0;0;1;1;17;4;1;2;0;0;0;0;2;4;0;1
8;1;0;0;1;1;17;5;1;2;0;0;3;0;1;4;0;1
9;0;0;0;1;1;17;2;0;2;1;0;0;0;4;4;0;1
2;1;0;1;0;3;17;3;1;2;0;0;0;1;2;4;0;1
2;0;0;3;0;1;22;3;1;2;0;0;1;0;2;4;0;0
3;1;0;0;1;1;17;5;1;2;0;0;0;3;2;4;0;2
5;0;0;0;2;4;16;2;1;2;0;0;3;1;1;4;2;2
7;0;0;0;1;2;15;2;1;2;0;0;0;3;3;4;2;1
2;1;0;3;0;2;26;3;1;2;1;0;0;0;1;4;0;1
2;2;0;2;1;2;20;3;1;2;1;0;1;2;2;5;0;2
3;1;0;1;1;2;18;4;1;2;0;0;0;2;2;5;0;2
4;0;0;2;0;2;16;2;1;2;0;0;2;1;1;5;0;2
3;1;0;0;1;1;18;2;1;2;0;0;2;1;4;5;2;2
4;1;0;1;1;1;22;2;1;2;0;0;0;3;4;5;0;1
10;0;0;0;0;1;19;3;1;2;0;0;0;0;3;5;0;1
6;0;0;0;1;1;17;2;1;2;0;0;1;0;1;5;0;1
3;1;0;1;1;1;18;3;1;2;1;0;0;3;4;5;0;2
5;2;0;0;1;1;17;4;1;2;0;0;0;3;1;5;0;1
3;0;0;1;0;1;17;1;1;2;0;0;1;1;3;5;2;2
5;1;0;0;1;3;17;4;1;2;0;0;0;3;2;5;0;2
11;1;0;1;1;1;18;3;0;2;1;0;3;2;3;5;0;1
3;0;0;0;1;1;17;2;0;2;0;0;0;3;2;5;2;2
3;1;0;0;0;2;17;4;0;2;0;0;0;3;2;5;0;1
7;0;0;0;0;1;17;2;1;2;0;0;0;0;2;5;0;2
5;0;0;3;1;2;21;2;1;2;1;0;3;0;1;5;0;1
9;1;0;0;1;1;16;2;0;2;0;0;0;2;4;5;2;2
6;0;0;1;1;1;19;2;1;2;1;0;1;1;4;5;0;1
2;2;0;1;0;1;18;2;1;2;0;0;0;2;3;5;0;1
2;1;0;0;1;1;18;2;1;2;0;0;2;1;4;5;2;2
5;0;0;0;0;3;19;4;0;2;0;0;1;3;4;5;0;2
5;1;0;0;0;1;16;3;1;2;0;0;0;2;3;5;2;2
4;1;0;0;1;2;17;3;1;2;1;0;0;3;2;5;0;2
2;1;0;0;1;1;17;3;1;2;0;0;0;3;4;6;0;2
8;1;0;0;1;1;17;4;0;2;1;0;0;3;4;6;0;2
4;0;0;1;0;1;17;0;0;2;0;0;0;0;1;6;0;1
2;0;0;0;1;1;17;2;0;2;0;0;3;0;2;6;0;2
2;2;0;1;1;0;19;2;0;2;1;0;0;1;4;6;0;1
2;2;0;1;0;3;18;2;1;2;1;0;0;3;3;6;0;2
3;0;0;0;1;1;17;3;1;2;0;0;2;2;2;6;0;2
11;1;0;2;0;2;21;2;1;2;1;0;4;1;2;6;0;1
7;1;0;2;0;1;16;3;0;2;0;0;0;3;3;6;0;2
7;1;0;0;1;1;16;3;1;2;0;0;1;3;4;6;0;1
5;1;0;0;1;2;18;4;1;2;0;0;0;3;1;6;0;2
11;1;0;1;0;2;19;5;0;2;1;0;3;0;1;6;1;2
10;1;0;0;1;1;17;3;0;2;1;0;1;0;1;6;0;2
10;1;0;0;1;3;16;2;0;2;0;0;0;2;4;6;2;2
3;1;0;0;1;3;17;4;1;2;0;0;1;1;1;6;0;2
7;1;0;0;1;2;16;3;1;2;0;0;1;2;1;6;0;2
6;1;0;2;0;2;18;4;0;2;0;0;0;3;4;6;0;2
6;2;0;3;1;2;21;2;0;2;0;0;0;1;4;6;0;2
6;1;0;3;2;2;17;4;1;2;1;0;2;0;4;6;3;2
2;2;0;2;1;1;20;2;1;2;1;0;1;1;3;6;0;0
11;1;0;0;1;1;16;3;0;2;0;0;4;1;1;6;0;1
6;1;3;0;0;2;18;6;0;2;0;0;1;3;4;6;1;2
4;1;0;1;1;1;18;4;0;2;0;0;0;3;2;6;0;2
5;1;0;0;0;2;17;4;0;2;0;0;0;3;2;6;0;2
7;1;0;0;0;2;15;3;0;2;0;0;1;0;2;6;0;2
11;0;0;0;0;2;17;4;1;2;0;0;1;0;1;6;1;0
8;1;0;0;1;2;18;4;0;2;1;0;1;0;1;6;0;2
9;0;0;3;0;2;21;3;1;2;0;0;1;0;1;6;0;0
9;1;0;1;1;2;18;4;0;2;0;0;0;2;2;6;0;2
4;0;0;0;1;0;23;2;1;2;1;0;3;0;3;6;0;2
4;1;0;0;1;1;18;4;0;2;1;0;1;2;1;6;0;2
8;1;0;3;1;2;16;3;1;2;0;0;1;3;2;6;0;1
3;1;0;1;2;2;18;3;1;2;1;0;1;2;3;6;2;1
4;1;0;0;1;3;18;6;1;2;0;0;0;3;3;6;0;2
3;0;0;1;1;2;17;2;1;2;0;0;1;0;1;6;0;2
2;1;0;0;1;1;16;2;0;2;0;0;0;1;4;7;0;2
3;0;0;1;0;1;18;1;0;2;0;0;1;1;4;7;2;2
7;1;0;0;1;1;17;3;1;2;0;0;0;0;2;7;0;1
8;1;0;0;1;1;17;3;1;2;0;0;3;1;3;7;0;1
3;0;0;0;1;1;17;2;0;2;0;0;0;2;4;7;0;2
2;0;0;0;1;2;17;2;1;2;1;0;0;1;3;7;0;1
5;0;0;0;1;1;17;2;1;2;0;0;2;1;4;7;0;1
2;0;0;2;0;1;20;2;0;2;1;0;2;0;1;7;2;1
5;0;0;0;1;1;17;2;1;2;0;0;3;1;4;7;0;1
3;0;0;0;1;2;17;2;1;2;0;0;1;0;1;7;0;2
3;1;0;2;0;1;76;0;0;1;0;0;2;1;2;7;1;1
5;0;0;0;1;1;16;2;1;2;0;0;0;2;3;7;0;1
6;0;0;0;1;1;17;2;0;2;0;0;1;0;2;7;0;0
6;0;0;0;1;1;18;2;1;2;1;0;2;1;4;7;0;1
5;1;0;0;1;1;16;3;0;2;0;0;0;3;3;7;1;1
6;0;0;0;1;1;17;3;0;2;0;0;1;2;4;8;0;2
5;1;0;0;1;1;17;3;0;2;0;0;2;2;1;8;0;1
6;1;0;3;0;1;22;3;1;2;1;0;0;3;4;8;0;1
9;0;0;0;2;3;17;2;1;2;1;0;0;3;4;8;2;2
2;0;0;0;1;1;17;3;1;2;0;0;2;1;1;8;0;1
2;2;0;2;1;2;19;2;1;2;1;0;0;1;2;8;0;1
5;0;0;0;1;1;16;3;1;2;0;0;0;3;3;8;0;2
2;1;0;1;2;1;18;3;0;2;0;0;0;3;2;8;0;1
7;0;0;0;1;3;16;3;1;2;0;0;0;3;4;8;0;1
4;1;0;0;2;1;17;4;1;2;0;0;0;3;2;8;0;0
5;1;0;1;1;1;18;4;0;2;1;0;0;3;2;8;0;2
5;2;0;0;1;1;16;3;0;2;0;0;3;1;3;8;0;2
5;1;0;1;1;1;17;3;0;2;0;0;0;0;2;8;0;2
2;0;0;0;0;1;17;2;0;2;0;0;0;1;3;8;2;1
5;1;0;3;1;1;23;3;1;2;1;0;3;1;2;8;2;1
3;0;0;0;1;2;18;4;1;2;0;0;0;3;2;8;0;1
8;0;0;3;0;1;26;2;1;2;1;0;4;0;2;8;0;1
2;0;0;0;1;2;17;3;1;2;0;0;0;1;3;8;2;1
7;1;0;0;1;1;17;3;1;2;0;0;0;3;3;9;0;2
11;1;0;0;1;1;17;2;0;2;1;0;1;1;2;9;2;2
5;2;0;0;1;1;18;3;1;2;0;0;1;1;4;9;0;2
3;0;0;0;0;3;17;3;1;2;0;0;0;3;4;9;0;1
3;0;0;1;0;1;18;3;1;2;1;0;0;1;3;9;2;2
5;0;0;0;1;1;17;2;0;2;0;0;0;0;1;9;2;2
8;0;0;3;1;1;24;2;1;2;0;0;3;0;1;9;0;2
6;2;0;3;1;2;33;4;1;2;1;0;1;1;1;9;0;2
11;0;0;3;0;1;19;6;1;2;0;0;3;1;4;9;0;2
6;1;0;0;1;2;17;3;0;2;0;0;0;0;2;9;0;2
11;1;0;2;1;1;20;3;1;2;1;0;3;0;1;9;0;1
9;2;0;0;1;1;16;3;1;2;0;0;0;2;4;9;0;1
3;1;0;0;1;2;17;3;0;2;0;0;0;3;4;9;0;2
9;0;0;3;0;0;24;3;0;2;1;0;3;1;2;9;2;2
9;1;0;1;0;3;17;4;1;2;1;0;0;3;4;9;0;2
10;2;0;1;0;1;18;3;0;2;1;0;3;0;1;9;0;2
5;2;0;3;0;1;20;3;1;2;0;0;0;2;4;9;0;2
2;0;0;0;1;2;17;2;1;2;1;0;0;1;3;9;0;2
3;0;0;1;0;1;18;2;1;2;0;0;0;2;3;9;0;1
9;0;0;0;0;2;17;3;0;2;0;0;1;1;1;9;0;2
6;1;0;0;0;1;16;3;1;2;0;0;0;1;3;9;0;2
6;0;0;3;1;1;19;3;1;2;0;0;0;1;3;9;0;2
6;0;0;3;1;1;19;3;1;2;0;0;0;1;3;9;0;2
6;1;0;0;1;2;16;3;1;2;0;0;0;3;4;9;0;1
11;1;0;2;1;1;19;2;1;2;1;0;1;2;4;9;0;1
7;1;0;0;1;2;20;3;0;2;1;0;0;1;3;9;0;2
5;1;0;0;1;3;17;3;0;2;0;0;0;2;3;9;0;2
2;0;0;0;1;1;17;3;0;2;0;0;0;1;2;9;0;1
6;0;0;0;1;1;17;3;0;2;0;0;3;1;3;9;0;2
7;1;0;2;0;3;16;2;1;2;1;0;3;1;1;9;0;2
4;1;0;1;2;1;18;5;0;2;1;0;0;3;4;9;2;2
6;1;0;3;2;2;24;3;0;2;1;0;3;0;1;9;0;2
6;0;3;3;0;3;17;4;1;2;0;0;0;3;2;10;2;1
10;1;0;3;1;1;16;3;0;2;1;0;4;3;4;10;0;1
11;0;0;1;1;3;18;2;1;2;0;0;0;1;4;10;2;1
4;1;0;3;0;2;21;3;1;2;1;0;0;3;3;10;0;2
7;1;0;0;2;2;17;3;0;2;0;0;0;2;4;10;0;2
3;0;0;1;0;2;17;3;1;2;0;0;0;1;2;10;0;1
11;1;0;1;1;2;18;3;0;2;0;0;0;0;1;10;0;2
7;0;0;0;1;2;17;3;1;2;0;0;0;3;3;10;0;2
11;1;0;1;1;2;18;3;0;2;1;0;0;0;1;10;0;2
5;1;0;0;0;1;17;3;0;2;0;0;0;2;3;10;0;2
10;0;0;2;0;1;19;3;1;2;1;0;4;0;1;10;0;2
10;1;0;0;1;1;17;3;0;2;0;0;2;0;1;10;0;2
10;1;0;0;1;2;19;4;0;2;1;0;0;3;4;10;0;1
3;1;0;0;1;2;18;4;1;2;0;0;0;3;3;10;2;1
10;0;0;0;1;2;16;2;1;2;0;0;1;2;3;10;0;1
4;0;0;0;1;1;17;2;0;2;0;0;0;0;1;10;0;2
11;0;0;0;1;2;17;2;1;2;0;0;2;1;3;10;0;1
4;0;0;0;1;2;16;3;0;2;1;0;0;2;4;10;0;1
4;2;0;0;1;1;17;4;1;2;0;0;0;2;3;10;0;0
7;0;0;0;0;2;18;3;0;2;1;0;0;2;4;10;0;1
10;2;0;0;1;2;17;3;1;2;0;0;1;0;1;10;0;1
6;1;0;3;1;4;19;6;1;2;1;0;0;0;1;10;0;1
9;1;0;3;2;1;20;4;0;2;1;0;1;3;2;10;0;1
10;2;0;0;1;1;18;2;1;2;1;0;1;1;4;10;0;1
9;0;0;3;1;2;20;3;1;2;1;0;1;3;4;10;0;1
9;1;0;0;1;2;17;3;0;2;0;0;0;1;3;10;0;2
11;0;0;0;2;1;18;3;1;2;0;0;0;3;4;10;2;0
9;0;0;3;1;1;18;3;1;2;0;0;1;0;1;10;0;1
11;1;0;3;1;2;23;3;0;2;1;1;0;1;2;10;0;1
4;1;0;3;0;2;21;4;1;2;1;0;1;3;3;10;0;1
6;1;0;0;0;1;18;4;0;2;0;0;1;3;4;10;0;2
10;0;0;3;0;1;21;2;0;2;1;0;3;0;2;10;0;2
11;1;0;0;1;1;18;3;1;2;0;0;1;0;2;10;0;1
9;1;1;0;0;2;16;3;1;2;0;0;0;3;4;10;0;1
5;0;0;0;0;1;16;4;1;2;0;0;0;3;4;10;0;2
5;1;0;1;1;0;17;3;0;2;0;0;0;3;4;10;0;1
2;2;0;0;1;1;17;3;1;2;1;0;0;3;2;10;0;2
9;1;0;3;1;3;17;3;1;2;0;0;0;2;3;10;0;1
3;0;0;3;1;2;24;2;1;2;1;0;1;0;1;10;2;1
6;2;0;2;0;2;19;5;1;2;1;0;0;2;1;10;2;2
5;2;0;3;0;1;22;3;1;2;1;0;2;3;4;10;1;2
11;1;0;0;1;1;18;4;1;2;0;0;4;3;4;10;0;1
5;1;0;0;0;1;16;3;0;2;0;0;0;2;2;10;1;2
10;1;0;0;1;2;18;3;0;2;0;0;1;3;3;10;0;2
8;1;0;0;1;1;18;3;1;2;0;1;3;3;4;10;0;0
3;1;0;0;1;2;17;4;0;2;1;0;0;3;4;10;0;2
3;1;3;1;1;2;18;3;0;2;0;0;1;3;3;10;0;2
6;1;0;0;1;2;16;3;0;2;1;0;0;1;3;10;0;2
9;1;0;0;1;2;16;2;1;2;0;0;0;1;2;10;0;1
11;1;0;0;1;2;16;2;1;2;0;0;0;2;4;10;2;1
4;2;0;0;1;1;17;3;0;2;0;0;0;2;4;10;0;2
3;1;0;0;1;2;16;3;0;2;0;0;0;3;3;10;0;2
2;1;0;0;1;2;17;3;0;2;0;0;0;1;3;10;0;2
2;0;0;3;1;1;23;4;1;2;1;0;4;0;1;10;0;0
4;2;0;1;1;2;19;2;0;2;1;0;1;2;4;10;0;1
3;1;0;0;1;2;18;4;0;2;0;0;0;3;3;10;0;2
3;0;0;0;1;1;17;2;1;0;0;0;1;0;3;10;2;1
10;1;0;0;1;2;18;4;1;2;0;0;1;0;1;10;1;2
11;1;0;0;1;2;16;3;1;2;0;0;1;0;1;10;0;2
11;0;0;1;1;3;18;3;1;2;1;0;4;1;3;10;0;1
11;1;0;0;1;2;16;2;0;2;0;0;3;3;4;10;0;2
10;1;0;3;0;2;22;3;1;2;0;0;1;0;1;10;0;1
6;0;0;0;2;2;17;2;1;2;0;0;0;1;2;10;2;1
9;0;0;0;1;2;18;4;1;2;0;0;0;3;2;10;0;1
3;1;0;0;1;2;16;3;0;2;0;0;0;3;2;10;0;2
7;1;0;0;1;2;16;3;1;2;0;0;1;3;2;10;0;2
6;1;0;3;1;2;20;4;1;2;1;0;0;3;3;10;0;2
6;0;0;3;1;1;24;2;1;2;0;0;1;1;3;10;0;1
4;0;0;1;0;2;17;1;0;2;0;0;0;1;2;10;0;1
7;1;0;0;1;2;17;3;1;2;0;0;0;3;4;10;0;1
3;2;0;0;1;1;17;3;1;2;0;0;0;1;2;10;0;1
7;1;0;0;1;3;17;3;1;2;0;0;1;2;3;10;0;1
9;0;0;0;1;1;18;3;1;2;0;0;0;1;3;10;0;1
9;1;1;0;1;2;18;4;0;2;0;0;3;0;1;10;0;1
3;1;0;0;1;2;16;2;1;2;0;0;0;1;3;11;0;2
5;1;0;0;0;2;16;3;0;2;0;0;0;3;2;11;0;2
2;0;0;1;1;2;17;3;1;2;0;0;0;3;2;11;2;1
7;1;0;0;1;1;18;3;0;2;0;0;3;1;4;11;0;0
7;1;0;0;1;1;15;2;0;2;1;0;0;1;2;11;0;0
5;0;0;0;0;1;17;1;1;2;0;0;0;1;2;11;0;1
3;0;0;0;1;2;16;3;1;2;0;0;0;1;2;11;0;2
5;0;0;1;0;1;18;3;1;2;1;0;0;0;1;11;0;1
5;1;0;0;1;1;17;3;1;2;0;0;1;2;3;11;0;1
8;1;0;0;1;2;17;2;1;2;0;0;0;3;4;11;0;2
3;1;0;0;1;0;17;3;0;2;0;0;0;2;4;11;0;1
8;1;0;3;1;1;18;3;0;2;0;0;0;1;4;11;0;1
2;2;0;2;1;1;19;3;0;2;1;0;0;3;4;11;0;1
4;1;0;0;1;1;18;4;1;2;0;0;0;3;3;11;0;1
8;0;0;0;1;2;16;2;1;0;0;0;0;1;4;11;0;1
4;1;0;0;1;1;16;4;1;2;0;0;0;3;4;11;0;2
3;1;0;0;1;1;16;2;0;2;0;0;1;0;1;11;0;1
2;2;0;0;0;2;16;2;1;2;1;0;3;0;1;11;0;0
9;1;0;0;1;2;16;2;0;2;0;0;0;0;3;11;2;1
9;1;0;0;1;1;18;3;1;2;1;0;0;2;1;11;0;1
4;0;0;2;0;1;19;3;1;2;0;0;2;1;3;11;0;1
5;1;0;1;1;1;17;4;1;2;1;0;3;0;1;11;0;2
5;1;1;0;0;0;17;3;1;2;0;0;3;0;1;11;2;1
10;1;0;0;1;2;18;5;1;2;0;0;0;3;3;11;0;2
7;1;0;3;0;2;16;3;1;2;0;0;0;2;3;11;0;1
3;0;0;1;0;2;19;2;1;2;1;0;0;1;2;11;1;2
8;1;0;1;1;1;19;4;0;2;1;0;0;3;2;11;0;1
9;1;0;0;0;2;19;3;1;2;1;0;0;3;2;11;0;2
2;0;0;2;0;2;18;2;1;2;0;0;0;0;2;12;2;1
2;0;0;0;0;2;17;3;1;2;0;0;0;2;3;12;0;2
2;0;1;1;2;1;18;1;0;1;0;0;0;0;3;12;2;1
2;0;0;0;1;1;17;2;0;2;1;0;0;1;3;12;0;2
9;0;0;3;1;1;16;3;0;2;0;0;0;0;1;12;0;1
11;1;0;1;0;2;21;3;1;2;1;0;2;0;1;12;1;1
8;1;0;3;1;1;17;2;0;2;0;0;0;0;3;12;0;1
11;0;0;3;1;0;20;2;1;2;0;0;0;1;3;12;2;1
11;1;0;0;1;1;16;3;0;2;0;0;0;2;4;12;0;1
2;2;0;3;1;1;21;1;0;2;1;0;2;0;1;12;0;1
2;0;3;0;0;2;19;3;1;2;0;0;1;1;2;12;0;1
2;0;1;1;2;1;18;1;0;1;0;0;0;0;3;12;1;1
4;2;0;0;1;2;17;2;1;2;0;0;1;1;3;13;0;1
8;0;0;3;1;1;23;2;1;2;1;0;2;1;3;13;0;1
2;1;0;1;1;1;17;3;0;2;0;0;0;2;4;13;0;2
2;0;0;0;1;1;16;3;0;2;0;0;0;1;4;13;0;2
8;0;0;3;1;0;18;2;1;2;0;0;1;2;4;13;0;2
4;0;0;3;0;1;21;2;0;2;1;0;0;1;2;13;0;1
4;0;0;3;1;1;17;2;1;2;0;0;3;0;2;13;0;0
3;1;0;0;1;1;17;3;0;2;0;0;0;2;3;13;0;2
3;0;0;1;1;1;17;2;0;2;0;0;2;0;3;13;2;1
6;1;0;0;0;1;16;3;1;2;1;0;0;1;3;13;0;2
7;0;0;3;1;2;20;3;0;2;1;0;1;1;4;13;0;2
2;0;1;0;0;0;17;0;1;1;0;0;0;1;1;13;2;2
4;1;0;1;0;1;18;2;1;2;1;0;1;1;3;13;2;1
3;1;0;0;1;4;16;3;1;2;0;0;0;3;3;14;0;2
2;0;0;3;0;3;25;3;1;2;0;0;1;1;2;14;0;1
5;0;0;1;0;2;18;2;1;2;0;0;1;1;2;14;0;1
2;2;0;3;1;1;19;2;1;2;1;0;0;1;4;14;0;1
3;1;0;0;1;2;20;3;1;2;0;0;3;2;2;14;0;1
8;0;0;1;1;3;18;2;1;2;1;0;1;0;1;14;0;1
8;0;0;1;1;2;19;3;1;2;0;0;0;3;2;15;0;2
5;1;0;0;1;1;18;4;1;2;0;0;3;0;1;15;0;2
7;1;0;0;1;3;16;5;1;2;0;0;1;3;4;15;0;1
3;1;0;1;1;1;18;4;0;2;0;0;0;3;2;15;0;1
5;1;3;2;2;3;17;2;0;2;0;0;3;1;1;15;0;2
11;2;0;0;1;1;17;3;0;2;0;0;1;3;4;15;0;2
11;1;0;1;1;2;18;3;1;2;1;0;0;3;4;15;0;1
9;1;0;3;1;2;17;5;1;2;1;0;0;3;3;15;0;2
9;0;0;3;2;2;23;2;1;2;1;0;1;1;1;15;3;1
7;1;0;0;1;2;18;4;0;2;0;0;1;3;4;15;0;2
3;1;0;0;1;2;18;3;1;2;0;0;0;3;3;15;2;1
3;1;0;1;0;2;17;4;1;2;0;0;0;1;2;15;0;1
7;1;0;3;1;3;18;4;0;2;1;0;2;2;4;15;0;2
9;0;0;1;1;2;18;2;1;2;1;0;0;0;4;15;2;2
9;1;0;2;0;1;19;2;0;2;1;0;3;1;3;15;0;1
3;1;0;1;0;2;19;3;0;2;1;0;1;1;3;15;0;1
10;0;0;0;0;2;17;2;1;2;1;0;3;0;1;15;0;0
7;1;0;3;1;2;21;2;1;2;1;0;1;0;1;15;0;1
9;0;0;0;1;1;16;3;0;2;0;0;0;2;4;15;0;2
5;1;3;2;2;3;17;2;0;2;0;0;0;3;4;15;0;2
7;1;3;0;1;2;16;4;0;2;0;0;3;1;1;15;0;2
6;2;0;2;1;1;17;3;1;2;0;0;2;2;4;16;2;0
8;1;0;0;0;1;18;3;0;2;0;0;0;1;3;16;0;1
11;0;0;1;0;2;18;3;1;2;0;0;0;1;3;16;0;0
2;0;1;1;0;0;17;2;0;1;0;0;0;0;4;16;1;1
7;1;0;0;1;2;17;4;0;2;0;0;1;1;4;16;0;2
7;1;0;0;1;2;16;3;1;2;0;0;0;3;2;16;0;1
11;0;0;3;1;1;23;3;0;2;1;0;2;0;1;16;0;0
5;1;0;0;1;1;16;3;0;2;0;0;0;2;4;16;0;1
3;1;0;0;0;2;17;2;0;2;0;0;0;3;3;16;0;2
9;1;0;0;1;1;16;3;1;2;0;0;1;0;1;16;0;1
11;1;0;0;1;2;15;2;1;2;0;0;0;2;2;16;0;1
8;0;0;3;0;2;17;1;1;2;1;0;0;2;4;16;0;2
7;2;0;3;0;1;17;2;0;2;0;0;0;1;2;16;0;1
3;2;0;1;0;2;18;2;1;2;0;0;2;0;1;16;0;0
9;0;0;0;1;1;16;2;1;2;0;0;0;2;3;16;0;1
7;1;0;1;1;2;17;2;0;2;0;0;0;0;1;16;0;1
4;1;0;0;1;1;16;4;1;2;0;0;0;3;1;16;0;0
11;1;0;1;1;1;19;3;1;2;1;0;1;1;1;16;0;0
10;2;0;1;1;2;19;3;1;2;1;0;3;2;1;16;0;1
5;1;0;1;2;2;19;3;0;2;1;0;0;2;1;17;0;2
9;1;0;0;1;2;18;4;0;2;0;0;0;3;4;17;0;2
11;1;0;0;1;2;16;4;0;2;0;0;4;1;1;17;0;1
5;2;3;3;2;1;23;3;1;2;1;0;3;0;1;17;0;1
5;1;0;1;2;2;19;3;0;2;1;0;0;2;1;17;0;2
3;1;0;0;1;1;18;3;0;2;0;0;0;3;2;17;0;2
8;1;0;3;1;2;23;2;0;2;0;0;3;0;2;17;0;2
6;1;1;2;1;1;18;4;0;2;0;0;0;2;3;17;0;1
4;0;1;0;0;1;17;2;0;1;0;0;3;0;1;17;3;2
3;0;1;0;0;0;17;2;0;2;0;0;0;1;4;17;2;1
11;1;3;1;1;3;18;5;0;2;0;0;1;3;4;17;0;2
3;1;3;0;1;1;18;3;1;2;0;0;2;2;3;17;2;1
11;0;1;1;0;2;17;1;0;1;0;0;3;0;1;17;0;0
11;1;0;3;1;1;20;4;0;2;0;0;4;2;1;18;0;2
4;2;0;0;0;2;21;3;1;2;1;0;0;2;4;18;0;1
4;0;0;0;1;0;17;2;1;2;0;0;0;1;2;18;0;1
8;1;0;0;1;1;19;3;0;2;1;0;2;2;2;18;0;2
7;1;0;0;1;2;16;3;0;2;0;0;0;2;2;18;0;2
5;0;0;1;1;1;17;2;1;2;1;0;1;0;3;18;1;2
5;1;0;0;0;2;16;2;1;2;0;0;2;1;4;18;0;2
9;0;0;0;1;1;17;3;0;2;0;0;1;1;4;18;0;2
10;1;0;1;1;2;18;3;0;2;1;0;1;3;4;18;0;2
9;1;1;3;0;2;17;4;0;2;0;0;1;2;3;18;0;1
4;2;1;3;1;1;17;3;0;1;0;0;0;1;4;18;0;1
3;0;0;0;1;2;17;2;1;2;0;0;0;1;4;19;0;2
3;1;0;1;1;1;17;2;1;2;0;0;0;2;2;19;2;1
5;1;0;2;1;1;17;1;1;2;0;0;0;2;4;19;2;2
2;1;0;0;1;1;17;2;0;2;0;0;0;2;4;19;2;2
6;1;0;0;1;2;18;2;1;2;1;0;0;3;4;19;0;1
3;0;0;3;1;1;22;2;1;2;1;0;1;1;2;19;0;1
11;1;0;0;0;1;18;3;1;2;0;0;2;1;4;19;0;1
9;0;0;0;0;1;16;2;0;2;0;0;3;1;3;19;0;2
5;0;0;3;0;1;28;3;0;2;1;1;0;1;3;19;0;2
6;0;0;3;0;2;18;3;1;2;1;0;0;0;4;19;0;1
6;0;0;0;0;1;16;1;0;2;0;0;2;0;1;19;2;1
8;0;0;0;1;1;17;2;1;2;0;0;3;1;1;19;0;2
11;0;0;3;0;4;32;1;1;2;1;0;3;1;1;19;0;0
7;1;0;3;1;2;23;4;1;2;0;0;0;0;1;19;0;2
9;0;1;1;1;0;19;2;0;1;0;0;2;1;3;19;0;1
9;0;1;0;2;0;17;1;0;2;0;0;2;0;1;19;2;1
8;1;3;3;1;3;17;5;0;2;0;0;0;3;4;19;0;2
5;0;1;2;2;1;16;1;0;0;0;0;0;0;4;19;2;1
3;2;3;0;1;2;16;3;0;2;0;0;0;2;4;19;0;2
2;1;0;2;1;1;20;3;1;2;0;0;2;1;2;19;0;2
10;0;0;0;0;4;17;6;1;2;0;0;1;0;2;20;2;2
4;0;0;2;1;1;16;1;1;2;0;0;1;1;3;20;0;1
8;0;0;3;1;1;17;2;1;2;0;0;3;0;1;20;0;1
7;0;0;3;1;2;27;1;1;2;1;0;4;0;1;20;2;1
9;1;0;0;1;1;17;2;0;2;0;0;0;1;3;20;0;1
7;1;0;0;0;1;18;2;1;2;0;0;0;1;3;20;0;1
8;0;0;0;1;1;16;2;1;2;0;0;0;0;2;20;0;2
4;0;0;0;0;4;18;3;1;2;0;0;1;1;1;20;0;2
8;1;1;0;1;2;19;5;0;2;1;0;3;3;2;20;0;2
2;1;3;0;1;2;17;4;1;2;0;0;0;3;2;20;0;2
9;1;1;0;0;2;17;4;1;2;0;0;0;1;3;20;0;2
8;0;0;0;1;1;17;3;1;2;1;0;0;3;4;21;2;0
5;1;0;0;1;2;16;4;1;2;0;0;0;3;4;21;0;2
4;1;0;0;1;2;16;4;1;2;0;0;0;2;2;21;0;1
11;0;0;0;0;2;16;3;1;2;0;0;0;2;2;21;2;2
10;0;0;0;1;1;17;1;1;2;0;0;0;3;4;21;1;2
9;0;0;0;1;2;17;3;1;2;0;0;0;2;4;21;1;1
11;1;0;1;0;2;17;3;0;2;0;0;1;1;1;21;0;1
3;1;0;0;1;4;19;4;1;2;0;0;0;3;3;21;0;0
2;0;0;0;1;3;18;3;1;2;1;0;3;2;4;21;0;2
2;0;0;1;0;1;17;3;1;2;0;0;4;0;3;21;0;0
6;1;0;3;0;2;18;6;1;2;1;0;0;3;1;21;0;1
3;0;0;0;1;2;17;2;1;2;1;0;0;1;3;21;2;1
5;1;0;0;1;2;17;3;1;2;0;0;0;3;2;21;0;1
2;1;0;2;1;1;23;2;1;2;1;0;0;1;4;22;0;0
10;0;0;3;0;2;20;3;1;2;1;0;0;2;3;22;0;1
4;0;0;1;1;1;17;2;0;2;0;0;0;1;4;22;0;1
3;1;0;0;1;1;16;3;1;2;0;0;1;2;4;23;0;2
6;2;0;3;1;1;17;3;0;2;0;0;3;1;4;23;0;1
9;1;0;0;1;2;17;2;1;2;0;0;0;3;3;23;1;2
8;0;0;0;0;1;18;1;0;2;0;1;4;0;4;23;0;0
7;0;0;3;0;2;26;2;1;2;1;0;2;0;1;23;2;2
8;1;0;3;1;1;22;3;0;2;1;0;1;3;4;23;2;2
2;0;0;1;1;1;15;2;0;2;1;0;0;2;1;23;0;1
3;1;0;0;2;1;17;4;0;2;0;0;2;0;1;23;0;2
2;0;0;3;1;2;21;2;1;2;1;0;2;0;2;23;0;0
4;1;0;0;1;1;17;3;0;2;0;0;0;2;4;23;0;1
2;0;0;2;2;1;20;1;0;2;1;0;1;0;1;23;2;0
3;0;0;2;1;1;16;3;1;2;0;0;0;3;1;23;0;2
3;0;1;1;0;1;18;1;1;1;1;0;2;0;1;23;3;0
5;0;0;1;1;1;18;2;0;2;0;0;0;1;3;23;2;1
11;0;0;0;0;2;16;3;0;2;0;0;4;1;1;23;2;2
4;0;0;3;0;1;27;2;1;2;0;0;3;0;1;23;2;1
7;1;0;3;1;0;37;3;1;2;1;0;2;0;1;23;1;1
8;1;0;3;0;1;37;1;1;2;0;1;1;0;4;23;0;1
8;1;0;0;1;2;18;4;0;2;0;0;1;3;4;23;0;1
3;0;0;2;0;1;20;2;1;2;1;0;0;0;3;23;0;2
5;0;0;0;1;1;17;2;1;2;0;0;1;0;1;23;0;1
5;1;0;0;0;1;18;2;1;1;1;0;0;0;1;23;2;1
8;0;1;1;1;0;18;2;1;2;1;0;3;0;1;23;0;0
7;0;0;1;0;1;18;2;0;2;0;0;2;0;1;23;2;1
9;1;0;2;1;2;19;3;0;2;1;0;1;3;4;23;0;1
10;0;2;1;0;0;19;2;1;2;0;0;1;0;1;23;0;1
6;0;1;0;0;1;24;1;1;2;0;0;1;2;4;23;2;0
8;0;2;1;1;0;18;2;1;1;1;0;3;0;1;23;0;0
3;0;1;1;0;1;18;1;1;1;1;0;2;0;1;23;3;0
5;0;0;0;2;1;16;1;0;2;0;0;0;0;4;24;3;1
2;0;0;0;1;1;17;3;0;2;0;0;0;3;3;24;0;1
5;1;0;0;2;2;17;3;1;2;0;0;0;2;3;24;1;1
8;1;0;0;1;1;17;2;0;0;0;0;0;2;2;24;0;1
5;0;0;0;1;2;17;2;1;2;0;0;0;0;3;24;0;0
2;0;0;3;0;2;24;2;1;2;1;0;1;0;1;24;0;1
2;0;0;0;1;2;19;3;1;2;1;0;0;3;2;24;0;2
3;1;0;0;1;2;17;2;1;2;0;0;0;3;4;25;2;2
5;0;0;0;1;2;17;2;0;2;0;0;0;3;2;25;0;2
7;0;0;2;1;1;18;4;1;2;1;0;0;0;1;25;0;2
10;0;0;3;0;1;29;2;1;2;1;1;4;2;3;25;0;1
3;0;0;0;1;2;17;1;1;1;0;0;1;0;1;25;0;1
6;0;1;3;0;0;25;2;1;1;1;1;3;0;3;25;0;1
7;0;2;3;0;0;23;0;1;1;1;0;0;0;2;25;2;0
7;1;0;0;1;1;17;2;0;2;0;0;0;2;3;26;0;1
6;0;0;0;0;1;16;2;1;2;0;0;0;1;1;26;0;2
5;0;0;0;1;1;17;3;1;2;0;0;1;0;1;26;0;0
7;1;0;3;1;1;21;4;1;2;1;0;0;0;2;26;0;0
11;2;0;3;0;2;18;3;0;2;0;1;3;3;1;26;0;1
11;0;0;3;0;1;23;2;1;2;1;0;0;1;2;26;0;1
3;1;0;0;0;1;17;3;0;2;0;0;2;1;3;26;0;1
5;0;0;3;1;1;20;3;1;2;0;0;1;1;4;26;0;0
2;0;0;1;1;1;19;2;1;2;1;0;0;2;3;26;0;1
10;1;1;0;1;0;16;2;0;1;0;0;1;2;4;26;0;0
11;0;0;0;0;1;17;3;1;2;0;0;3;0;3;26;2;1
5;1;0;3;1;1;21;2;1;2;1;0;0;2;1;27;0;2
3;0;0;1;0;1;18;2;0;2;0;0;0;1;4;27;0;1
4;0;0;1;1;0;18;2;1;2;0;0;1;1;2;27;0;1
10;0;0;1;0;1;19;3;1;2;1;0;3;0;2;27;2;1
4;0;0;0;1;1;17;3;1;2;0;0;1;3;4;27;0;2
9;2;0;2;1;1;20;2;1;2;0;0;1;2;4;27;0;1
6;1;0;3;1;1;21;2;1;2;1;0;0;1;2;27;0;2
10;0;0;1;0;1;19;3;1;2;1;0;3;0;1;27;2;1
2;1;0;1;1;2;17;4;0;2;0;0;0;3;4;28;0;2
4;0;0;1;1;1;18;3;1;2;0;0;1;3;3;28;2;1
5;0;0;2;1;3;16;4;1;2;0;0;0;3;2;28;1;1
3;0;0;0;1;2;16;1;1;2;0;0;0;1;3;28;0;1
8;0;0;0;1;1;17;2;1;2;1;0;2;0;1;28;0;1
4;1;0;1;1;1;18;3;0;2;1;0;0;3;2;28;0;1
7;1;0;0;1;3;18;4;1;2;0;0;0;3;2;28;0;0
7;0;1;0;1;1;16;2;1;1;0;0;0;2;4;28;2;0
4;0;0;3;0;2;22;1;0;1;1;0;3;0;1;28;2;1
6;0;0;0;0;1;17;3;0;2;0;0;0;1;2;28;1;0
2;1;0;1;1;3;18;3;1;2;1;0;0;3;2;28;0;1
3;0;0;1;0;2;20;1;1;2;1;0;0;1;3;28;2;0
9;1;0;0;1;2;17;3;1;2;0;0;1;3;4;28;1;1
11;0;0;0;0;2;16;2;1;2;0;0;1;1;1;28;2;1
4;2;0;0;1;2;17;2;1;2;1;0;0;3;2;28;0;1
2;0;0;0;0;2;18;3;0;2;1;0;0;2;3;28;2;2
2;1;0;0;1;2;17;2;1;2;0;0;1;3;2;28;0;0
2;1;0;0;1;2;17;3;1;2;0;0;1;2;3;28;0;2
2;1;0;0;1;2;17;3;1;2;0;0;1;2;3;28;0;2
5;0;1;2;2;1;17;1;1;2;0;0;0;3;2;28;2;0
3;0;0;0;0;4;17;3;1;2;0;0;1;1;4;28;2;1
2;0;0;0;1;2;17;2;1;2;0;0;0;1;4;28;0;2
5;1;0;2;1;3;16;3;0;2;0;0;0;3;3;28;0;0
5;1;0;2;0;2;17;3;1;2;0;0;0;2;3;28;0;0
8;1;0;1;1;1;18;2;0;2;1;0;4;2;4;28;0;0
4;0;0;0;1;1;17;2;1;2;0;0;1;0;2;28;2;0
7;0;0;3;0;2;16;4;1;2;0;0;0;3;4;28;2;1
11;0;0;1;1;4;19;2;1;2;0;0;3;0;3;28;0;0
9;0;0;0;0;1;17;3;0;2;0;0;2;0;2;28;0;0
11;1;0;0;1;3;16;2;0;2;0;0;3;2;4;28;0;1
3;1;1;0;1;2;17;3;0;2;0;0;0;3;2;28;0;2
11;1;0;0;1;3;17;2;0;2;0;0;1;2;4;28;0;1
10;2;0;0;2;2;16;3;0;2;1;0;0;1;1;28;0;1
6;2;0;0;0;1;18;3;0;2;0;0;1;1;3;28;0;1
5;0;0;0;1;2;16;2;1;2;0;0;1;1;3;28;0;2
3;0;0;0;0;3;16;4;1;2;1;0;0;3;3;28;0;2
2;0;0;1;0;1;19;2;1;2;1;0;0;2;3;28;0;0
11;0;0;0;1;2;17;2;1;2;0;0;2;1;1;28;0;0
7;1;0;0;0;2;17;3;1;2;0;0;1;1;1;28;0;1
2;0;0;0;1;1;16;2;1;2;0;0;2;1;3;28;0;1
11;0;0;0;1;1;18;3;0;2;0;0;3;1;1;28;0;1
6;1;0;0;1;1;17;4;1;2;0;0;0;3;2;28;0;1
3;0;1;3;0;1;26;1;1;1;0;0;0;1;4;28;0;0
6;1;0;3;1;2;20;2;0;2;1;0;3;3;4;29;2;2
10;1;0;0;1;2;16;3;0;2;0;0;1;3;4;29;0;2
7;0;0;0;1;2;16;3;1;2;0;0;0;1;3;29;2;1
7;0;0;0;0;2;17;2;1;0;0;0;1;1;4;29;0;1
6;0;0;3;1;2;22;3;1;2;1;0;0;3;3;29;0;0
5;1;0;3;1;1;22;3;1;2;1;0;1;0;1;29;0;1
7;1;0;0;0;2;16;2;1;2;0;0;0;0;1;29;0;1
3;1;0;0;1;2;17;4;1;2;0;0;0;0;1;29;0;1
7;2;0;3;1;2;20;3;1;2;1;0;1;2;4;29;0;0
11;1;0;2;1;3;20;3;1;2;1;0;3;2;2;29;0;1
3;0;0;0;1;2;15;2;1;2;0;0;1;1;4;29;0;0
6;0;0;1;0;2;17;3;1;2;0;0;1;0;1;29;0;2
8;1;0;3;1;2;17;3;1;2;0;0;4;0;1;29;0;1
6;1;0;3;0;2;23;1;1;2;1;0;3;1;2;29;2;1
7;2;0;0;0;3;17;3;1;2;0;0;1;2;3;29;0;1
10;1;0;0;1;1;16;3;1;2;0;0;3;1;1;29;0;1
9;1;0;0;1;2;16;5;1;2;0;0;3;1;1;29;0;0
8;2;0;1;1;1;17;3;1;2;0;0;1;0;1;29;0;2
7;1;0;0;1;2;17;4;1;2;0;0;1;3;2;29;0;2
5;0;0;3;1;0;18;2;1;2;1;0;3;0;3;29;0;1
6;0;0;0;0;1;18;3;1;2;0;0;1;0;1;29;0;0
11;1;0;1;1;1;17;3;1;2;1;0;0;1;3;29;0;0
7;0;0;0;0;1;17;3;1;2;0;0;2;3;4;29;0;0
6;0;0;3;1;1;16;2;1;2;0;0;0;2;4;29;0;1
5;1;0;3;2;4;21;3;1;2;1;0;1;0;1;29;0;1
6;2;0;3;1;1;18;3;0;2;1;0;1;2;2;29;0;2
4;0;0;0;1;1;17;3;1;2;0;0;0;2;4;29;0;1
3;0;0;0;1;1;16;3;1;2;0;0;0;2;3;29;0;1
5;2;0;2;1;1;16;4;1;2;0;0;0;1;3;29;0;2
7;0;0;0;2;1;17;2;1;2;0;0;1;1;1;29;2;0
11;0;0;0;1;2;17;2;1;2;0;0;4;2;1;29;3;0
8;0;0;0;0;1;16;1;1;2;0;0;0;1;4;29;0;1
3;0;0;0;0;2;16;3;1;2;0;0;2;1;2;29;0;1
8;0;0;2;1;3;19;2;1;2;1;0;1;3;4;29;0;0
8;0;0;3;0;2;17;3;1;2;1;0;3;1;1;29;2;2
3;2;0;0;1;2;16;3;1;2;0;0;0;3;4;29;0;1
5;2;0;0;0;1;16;3;1;2;0;0;2;1;3;29;0;1
8;2;0;0;1;2;15;3;1;2;0;0;3;1;1;29;0;1
3;0;0;2;0;2;20;2;1;2;1;0;0;0;1;29;0;1
6;0;0;2;1;3;22;3;1;2;1;0;1;2;3;29;0;0
8;1;0;0;1;2;17;5;1;2;1;0;0;3;4;29;0;2
9;0;0;3;1;1;20;2;1;2;0;0;0;1;4;29;0;0
11;0;0;0;1;3;14;2;1;2;0;0;3;2;1;29;0;1
6;2;1;3;1;2;38;2;1;1;1;0;1;0;1;29;3;0
7;1;0;0;0;2;16;4;1;2;0;0;0;3;4;29;0;1
6;2;1;3;1;2;39;2;1;1;1;0;1;0;1;29;3;0
11;0;0;1;0;1;19;3;1;2;1;0;0;3;1;29;0;1
9;1;0;0;1;2;16;3;1;2;1;0;3;1;4;29;0;1
8;1;0;1;1;1;18;3;1;2;1;0;0;2;4;29;0;1
11;0;3;0;0;2;16;2;1;2;0;0;0;2;4;29;2;1
2;0;0;3;0;2;23;2;1;2;0;0;0;0;3;29;0;2
5;1;1;0;1;3;16;6;1;2;0;0;1;3;2;29;0;2
6;0;0;0;1;1;17;3;1;2;0;0;0;3;3;29;0;1
9;1;0;0;1;2;16;2;1;2;0;0;0;2;4;29;0;1
11;0;0;0;1;2;16;2;1;2;0;0;0;2;3;29;0;1
9;1;0;0;1;2;17;3;1;2;0;0;0;3;3;29;0;2
6;1;0;2;1;3;21;3;1;2;1;0;1;2;3;29;0;1
4;0;0;2;0;2;16;3;1;2;0;0;0;1;4;29;0;1
7;0;0;3;1;2;17;3;1;2;0;0;1;1;1;29;0;2
6;0;0;0;0;1;17;2;0;2;0;0;1;0;1;29;3;1
7;1;0;0;1;2;16;3;0;2;0;0;1;3;4;29;0;0
6;1;0;0;1;2;18;5;1;2;1;0;0;3;3;29;0;1
8;2;0;0;1;1;17;2;1;2;0;0;0;1;3;29;0;1
5;0;0;2;1;2;17;3;1;2;0;0;0;1;4;29;0;2
11;0;0;1;1;1;18;3;1;2;0;0;4;1;2;29;0;1
7;0;0;3;1;2;19;2;1;2;1;0;1;1;4;30;0;2
7;2;0;0;1;2;17;3;1;2;0;0;1;2;4;30;0;1
6;0;0;0;2;2;16;2;1;2;0;0;0;3;4;30;2;2
11;0;0;0;1;1;16;3;1;2;0;0;3;3;2;30;2;1
4;0;0;3;1;1;21;2;1;2;0;0;1;1;2;30;0;1
4;0;0;3;1;1;21;2;1;2;0;0;1;1;2;30;0;1
9;0;0;0;0;2;17;2;1;2;0;0;1;0;1;30;0;1
11;0;0;0;1;2;15;2;1;2;0;0;1;1;4;30;0;0
3;1;0;3;1;2;21;4;0;2;1;0;0;3;1;30;0;1
8;0;0;1;1;1;19;2;1;2;0;0;0;1;2;30;0;1
3;1;0;0;1;2;18;3;1;2;1;0;0;1;3;30;0;2
7;0;0;0;0;1;17;3;1;2;0;0;1;1;4;30;0;0
2;0;0;0;1;2;19;3;1;2;0;0;0;1;2;30;2;1
9;0;0;1;1;1;18;3;1;2;1;0;0;1;1;30;0;2
6;1;0;0;1;1;16;3;1;2;1;0;0;2;3;30;0;1
3;1;0;0;0;2;18;5;1;2;0;0;0;1;1;30;2;1
6;1;0;0;1;1;17;3;1;2;0;0;1;0;1;30;0;1
3;2;0;3;0;2;17;4;0;2;1;0;1;0;1;30;0;1
6;1;0;1;1;4;26;4;1;2;1;0;3;1;1;30;0;1
7;2;0;0;1;2;17;3;1;2;0;0;0;1;1;31;0;1
11;0;0;0;1;2;17;3;1;2;0;0;1;3;4;31;0;1
10;0;0;0;1;1;17;2;1;2;0;0;0;2;3;31;0;1
5;2;3;0;0;3;17;3;1;2;0;0;1;0;1;31;1;2
3;0;0;0;0;2;17;2;1;2;0;0;0;2;3;31;1;2
2;0;0;0;2;2;17;2;0;2;0;0;0;1;3;31;2;1
4;0;0;1;1;2;19;3;1;2;1;0;2;0;1;31;0;1
11;0;0;3;1;1;17;3;1;2;0;0;0;0;1;31;0;0
4;0;0;3;1;2;23;2;1;2;0;0;2;0;1;31;2;2
7;1;0;0;1;2;15;3;0;2;0;0;3;2;2;31;0;2
2;1;0;0;1;3;18;3;1;2;0;0;0;2;3;31;0;1
5;0;0;0;0;2;17;3;1;2;0;0;1;1;3;31;0;1
6;1;0;3;1;2;22;3;1;2;0;0;0;1;4;31;0;0
5;1;0;0;1;2;17;4;1;2;0;0;0;2;2;31;0;2
4;1;0;2;1;2;16;4;0;2;0;0;0;2;4;31;0;1
3;0;2;1;0;1;17;1;1;2;0;0;1;2;4;31;2;0
7;1;0;0;1;2;16;4;1;2;0;0;0;3;4;32;0;2
5;0;0;1;1;2;18;2;1;2;1;0;2;1;4;32;0;1
3;0;0;0;1;2;17;3;0;2;0;0;0;3;4;32;0;2
8;2;0;0;1;2;17;2;1;2;0;0;0;0;1;32;0;1
9;1;0;0;1;2;16;3;0;2;1;1;0;3;4;32;0;2
2;1;0;1;0;2;18;4;1;2;0;0;2;3;3;32;2;1
3;0;0;0;0;2;17;3;1;2;0;0;0;2;4;32;0;1
7;0;0;0;1;3;16;3;1;2;0;0;2;2;4;32;2;2
2;0;0;1;1;1;17;3;1;2;0;0;0;0;2;32;1;1
9;1;0;0;0;3;16;3;0;2;0;0;1;1;2;32;0;2
3;0;0;1;2;2;16;2;0;2;0;0;2;0;1;32;0;2
3;1;0;0;1;4;16;3;1;2;0;0;1;2;4;32;0;2
9;1;0;0;1;2;18;4;1;2;0;0;1;0;1;32;0;1
4;0;0;0;0;2;17;3;1;2;0;0;0;0;2;32;0;1
4;1;0;0;1;2;15;3;1;2;0;0;0;2;3;32;2;2
9;1;0;1;1;1;18;3;1;2;1;0;1;0;1;32;0;0
8;2;0;0;1;3;17;3;1;2;0;0;2;2;2;32;0;1
2;1;0;1;1;3;18;2;1;2;1;0;2;0;1;32;0;2
7;0;3;0;1;3;17;3;1;2;0;0;1;2;4;32;2;2
6;0;0;1;1;1;18;2;1;2;0;0;0;1;2;33;0;1
7;1;0;3;1;3;17;4;1;2;1;0;0;3;3;33;0;0
3;0;0;0;0;2;18;2;1;2;1;1;3;0;2;33;0;1
4;1;0;0;0;2;17;3;0;2;0;0;2;0;1;33;0;1
8;0;0;0;1;3;17;2;1;2;0;0;1;1;3;33;0;1
2;0;0;1;1;2;19;2;1;2;1;0;1;2;4;33;0;1
10;1;0;0;1;3;17;5;1;2;0;0;1;3;4;33;0;2
5;1;0;0;0;3;16;4;1;2;0;0;3;0;1;33;0;2
4;2;0;0;1;2;16;5;0;2;0;0;0;3;3;33;0;2
9;0;0;0;0;3;16;3;1;2;0;0;1;1;1;33;2;1
2;0;0;1;0;1;19;2;1;2;1;0;1;1;2;33;0;1
7;0;0;0;1;2;16;2;1;2;0;0;2;1;4;33;0;1
6;1;0;0;1;3;17;6;1;2;0;0;0;3;3;33;0;2
2;0;0;0;0;1;16;1;1;2;0;0;0;2;2;33;2;1
11;1;0;3;1;2;17;4;0;2;0;0;0;2;4;33;2;1
7;0;0;0;1;2;17;4;1;2;0;0;0;3;4;33;0;1
6;0;0;1;1;1;19;3;1;2;0;0;0;3;3;33;0;0
9;1;0;0;1;1;18;3;1;2;0;0;2;3;4;33;0;1
6;0;0;3;1;2;19;3;1;2;1;0;0;1;2;33;0;2
7;1;0;2;0;2;18;3;1;2;1;0;0;1;4;34;0;1
6;2;0;0;1;2;17;3;1;2;0;0;0;3;4;34;0;2
3;0;0;0;0;2;17;3;1;2;1;0;0;1;4;34;0;1
7;1;0;0;1;2;16;4;1;2;1;0;2;3;4;34;0;1
5;0;0;0;2;2;17;3;1;2;0;0;0;1;1;34;0;1
6;0;0;0;0;4;17;2;1;2;0;0;0;1;1;34;2;2
4;1;0;1;0;2;18;3;1;2;1;0;1;1;3;34;0;1
6;2;0;2;1;2;18;3;1;2;1;0;0;3;4;34;0;1
9;0;0;0;0;4;17;2;1;2;0;0;1;2;2;34;2;2
5;1;1;0;1;4;17;3;1;2;0;0;0;3;4;34;0;0
7;0;0;0;1;3;17;3;1;2;0;0;0;3;3;34;0;2
8;1;0;0;0;1;17;3;1;2;0;0;0;2;2;34;0;2
6;1;0;0;1;2;17;3;1;2;0;0;0;0;1;34;0;1
7;1;0;0;1;3;16;4;1;2;0;0;2;3;4;34;0;1
8;1;0;3;1;2;18;4;1;2;0;0;1;3;3;34;0;1
2;0;0;1;0;2;17;3;1;2;0;0;0;1;4;35;0;1
8;0;0;0;0;3;16;1;1;2;0;0;0;2;4;35;2;1
11;1;0;0;1;2;17;3;1;2;0;0;1;3;4;35;0;0
5;1;0;0;0;2;17;3;0;2;0;0;0;3;4;35;0;1
2;2;0;0;1;0;17;3;0;2;1;0;0;3;4;35;2;2
5;1;0;0;1;2;17;3;1;2;0;0;0;3;4;35;0;1
6;0;0;0;0;2;18;3;1;2;1;0;0;3;4;35;0;1
10;0;0;0;1;1;17;3;1;2;0;0;0;1;4;35;2;1
10;0;0;3;1;2;15;2;1;2;0;0;0;2;3;35;0;1
6;1;0;0;1;3;18;3;0;2;1;0;0;3;4;35;0;1
5;2;0;0;1;2;17;3;1;2;0;0;1;3;3;35;0;1
2;1;0;3;0;1;21;3;0;2;1;0;2;0;1;35;0;1
11;0;0;0;1;2;16;3;1;2;0;0;1;1;2;35;0;1
3;0;0;0;1;1;16;1;1;2;0;0;0;1;4;35;2;2
8;2;0;0;1;2;17;1;0;2;1;0;0;2;3;35;0;1
8;1;0;3;0;0;17;2;1;2;0;0;0;0;2;35;0;1
2;0;0;0;1;2;18;3;0;2;0;0;0;3;3;35;0;1
9;0;0;0;1;2;16;2;1;2;0;0;3;3;3;35;0;2
6;0;0;2;0;2;17;1;0;2;1;0;0;1;4;35;0;2
4;1;0;0;1;2;17;4;0;2;0;0;0;3;4;35;0;1
7;1;0;0;1;2;16;3;1;2;0;0;0;3;4;35;0;1
9;1;0;0;1;2;15;3;0;2;0;0;1;3;4;35;0;2
2;0;0;3;1;3;22;3;1;2;0;0;0;1;4;35;1;0
3;1;0;0;0;2;17;4;1;2;0;0;0;3;3;35;0;1
10;0;0;0;0;2;17;3;0;2;0;0;1;2;3;35;1;2
5;0;0;0;1;2;16;3;0;2;0;0;0;1;4;35;0;0
2;0;0;0;0;2;19;3;1;2;0;0;2;1;1;35;2;0
5;2;0;1;1;3;18;2;0;2;0;0;1;2;2;35;0;2
5;1;0;1;1;2;22;4;1;2;0;0;1;2;4;35;1;2
8;0;0;0;0;1;15;1;1;2;0;0;2;0;3;35;0;2
7;1;0;0;1;3;16;2;1;2;0;0;0;3;4;35;0;2
5;0;0;2;1;3;17;2;1;2;0;0;0;2;3;35;0;1
5;0;0;0;1;2;17;3;1;2;0;0;1;2;2;35;0;1
11;1;0;0;1;2;16;6;0;2;0;0;0;3;2;35;0;2
6;1;1;2;1;3;17;4;1;2;0;0;0;3;3;35;0;2
3;1;0;0;1;2;18;3;1;2;0;0;2;3;3;35;0;0
5;1;0;0;1;2;17;5;1;2;0;0;0;3;3;35;0;2
7;0;0;1;0;2;18;1;1;2;0;0;2;0;4;35;0;1
4;0;0;0;0;1;17;3;0;2;0;0;1;0;1;35;1;0
6;1;0;0;0;2;17;3;1;2;0;0;0;3;4;35;0;1
2;1;0;0;1;2;16;3;1;2;0;0;0;3;4;35;0;1
4;2;0;0;1;1;17;2;0;2;0;0;2;1;3;36;0;2
2;0;0;2;1;1;18;3;0;2;1;0;1;2;4;36;1;2
2;0;0;1;1;1;18;3;0;2;1;0;1;1;3;36;0;1
2;0;0;1;1;1;18;3;0;2;1;0;1;1;3;36;0;1
7;1;0;3;1;3;22;4;0;2;1;0;1;3;4;36;0;2
7;1;0;3;0;1;24;2;0;2;1;0;2;0;1;36;0;1
6;0;0;0;1;1;17;3;1;2;0;0;0;0;2;36;0;2
2;0;0;2;1;1;19;3;1;2;1;0;0;0;1;36;0;2
6;0;0;1;0;0;19;3;0;2;1;0;0;0;1;36;2;2
5;1;0;1;1;1;17;3;0;2;0;0;0;3;4;36;0;2
2;1;0;1;0;1;19;3;0;2;0;0;1;0;3;36;0;2
7;1;0;0;1;1;17;2;1;2;0;0;0;1;3;36;2;2
5;0;0;3;1;1;19;2;0;2;1;0;1;0;1;36;0;2
2;0;0;1;0;1;18;2;0;2;0;0;1;1;2;36;2;2
2;0;0;1;0;2;20;2;0;2;0;0;0;1;4;36;0;2
8;0;0;3;0;1;24;1;0;2;1;1;3;1;2;36;0;0
4;1;0;0;1;1;17;2;1;2;0;0;0;0;3;36;2;1
3;1;0;3;1;1;18;4;0;2;1;0;0;3;4;36;0;1
4;1;3;0;1;4;17;4;0;2;0;0;0;3;2;36;0;2
8;0;0;3;1;2;19;3;0;2;0;0;1;3;4;36;0;2
3;1;2;0;0;0;17;4;0;2;0;0;0;1;2;36;1;2
4;0;2;1;2;0;17;0;0;2;0;0;3;0;1;36;2;2
10;0;2;1;0;0;19;0;1;1;0;0;0;0;4;36;3;1
7;0;2;1;2;0;19;2;0;2;0;0;1;0;1;36;0;0
2;1;3;0;1;1;18;5;0;2;0;0;0;3;1;36;0;2
11;0;1;1;2;0;17;1;0;2;0;0;0;0;3;36;2;1
6;0;2;3;1;0;27;0;0;1;0;0;0;1;1;36;2;1
6;1;0;3;0;1;32;2;0;2;0;0;3;0;1;36;0;1
3;1;0;1;1;2;17;2;0;2;0;0;0;3;3;36;0;2
10;0;1;0;0;1;17;1;0;2;0;0;0;1;4;36;2;0
11;0;0;3;0;2;20;1;1;2;0;0;0;0;3;37;2;2
4;2;0;0;1;1;16;2;0;2;1;0;0;1;4;37;0;1
4;1;0;1;1;1;17;4;0;2;0;0;0;3;2;37;0;0
10;2;0;0;1;2;18;2;1;2;1;0;1;1;3;37;0;1
7;1;0;0;1;0;17;3;0;2;0;0;1;3;4;37;0;2
11;1;0;0;1;4;21;3;1;2;1;1;4;1;2;37;2;1
2;0;0;1;1;3;18;3;0;2;0;0;0;3;4;37;0;2
8;1;0;2;1;2;19;3;1;1;1;0;0;2;4;37;0;2
4;1;0;0;1;3;17;5;0;2;1;0;0;2;2;38;0;1
10;1;0;0;1;2;16;4;0;2;0;0;0;3;3;38;0;1
11;1;0;0;1;2;17;4;0;2;0;0;0;3;4;38;0;2
3;0;0;1;1;2;18;3;0;2;1;0;1;1;3;38;0;1
10;0;0;0;0;2;16;2;1;2;0;0;0;1;2;38;0;2
7;1;0;0;1;2;18;3;0;2;0;0;0;3;3;38;0;1
5;2;0;0;1;4;17;4;1;2;0;0;0;3;3;38;0;1
7;0;0;0;2;2;16;2;0;2;0;0;0;3;3;38;0;1
4;2;0;1;1;3;18;3;1;2;1;0;0;2;3;38;0;2
11;1;0;0;0;2;17;4;1;2;0;0;0;3;4;38;0;1
8;1;0;1;1;3;18;3;1;2;1;0;0;2;2;38;0;2
4;0;0;0;0;2;16;4;1;2;0;0;0;3;4;38;1;2
5;0;0;1;0;3;17;3;1;2;0;0;0;1;4;38;1;2
4;1;3;0;1;3;16;4;1;2;0;0;0;3;4;38;0;2
2;1;0;0;1;4;18;4;1;2;0;0;1;3;4;38;0;2
9;0;0;0;1;2;16;2;1;2;0;0;0;3;3;38;0;1
5;1;0;3;1;2;19;2;0;2;0;0;0;3;4;38;0;1
2;0;0;0;0;2;16;2;1;2;0;0;0;2;4;38;2;1
8;0;0;3;0;2;18;2;1;2;1;0;0;1;4;38;0;2
6;0;0;0;1;2;16;3;1;2;0;0;0;1;2;39;0;1
3;1;0;1;0;1;17;3;0;2;1;0;0;0;1;39;0;0
8;1;0;0;1;2;17;3;1;2;0;0;0;3;3;39;0;1
6;0;0;0;1;1;18;2;1;2;0;0;0;1;3;39;0;1
11;0;0;0;0;1;16;2;0;2;0;0;0;1;3;39;2;1
2;2;0;1;1;2;18;2;1;2;0;0;0;1;3;40;0;0
2;1;0;3;0;4;23;3;1;2;1;0;1;0;1;40;0;1
4;1;0;3;1;4;25;4;1;2;1;0;3;2;1;40;0;2
2;1;0;3;2;1;24;3;1;2;1;0;1;0;1;40;0;2
2;0;0;0;1;0;17;3;1;2;0;0;0;3;4;40;0;2
2;1;0;0;0;1;17;3;0;2;0;0;1;3;2;41;0;2
10;0;0;1;1;2;17;2;0;2;1;0;1;1;4;41;0;2
3;0;0;2;1;2;19;3;1;2;1;0;0;2;4;41;0;2
3;1;0;3;1;1;20;3;1;2;0;1;4;1;2;41;0;1
5;1;0;3;1;1;20;3;0;2;0;0;1;1;2;41;0;2
3;1;0;0;0;1;16;3;1;2;0;0;1;3;4;41;0;2
5;0;0;2;1;2;19;4;1;2;1;0;0;3;4;41;2;2
3;0;0;0;1;4;15;3;1;2;0;0;0;3;2;41;1;2
10;0;0;3;2;0;19;2;1;2;1;0;2;0;1;41;0;2
2;0;0;3;1;0;20;3;0;2;0;0;1;0;1;41;0;2
3;0;0;3;1;0;23;3;1;2;0;0;0;1;3;41;0;0
10;0;0;0;0;1;17;2;1;2;0;0;3;3;4;41;0;2
7;0;0;1;1;0;18;2;1;2;0;0;0;0;1;41;2;1
2;1;0;3;1;0;21;4;1;2;0;0;0;3;2;41;0;2
2;1;0;1;1;0;18;3;0;2;0;0;0;3;4;41;0;2
10;1;0;0;1;2;16;3;0;2;1;0;0;1;2;42;0;2
3;0;0;3;1;1;19;4;0;2;0;0;1;3;2;42;0;1
5;0;0;0;0;1;19;3;0;2;0;0;0;2;4;42;0;0
10;2;0;0;1;1;17;3;0;2;0;0;1;1;3;42;0;2
5;1;0;0;1;2;16;3;1;2;0;0;1;3;4;42;0;0
9;1;0;3;1;1;23;2;0;2;1;0;2;0;1;42;0;1
10;0;0;1;0;1;20;3;0;2;0;0;3;0;1;42;2;1
11;1;0;3;1;1;17;2;1;2;0;0;1;2;3;42;0;1
11;1;0;3;1;1;17;2;1;2;0;0;1;2;3;42;0;1
10;1;0;1;1;1;18;3;1;2;1;0;1;3;4;42;0;1
6;1;0;3;1;1;17;3;0;2;0;0;0;2;1;42;0;1
5;0;0;0;0;1;17;3;0;2;0;1;0;0;1;42;0;2
7;0;0;1;0;0;17;3;0;2;0;0;0;1;4;42;1;1
5;0;0;0;0;1;17;3;0;2;0;1;0;0;1;42;0;2
5;2;0;3;0;1;23;3;0;2;1;0;0;1;4;42;0;0
9;1;0;0;0;1;17;4;0;2;0;0;0;1;1;42;0;2
3;1;0;0;1;1;17;2;0;2;0;0;0;2;4;42;0;1
4;1;0;2;0;1;20;3;0;2;1;1;0;1;4;42;0;1
3;0;0;0;1;1;17;2;0;2;0;0;0;1;2;42;0;1
4;1;0;3;1;2;20;4;1;2;1;0;0;2;4;42;0;1
3;1;0;0;2;2;17;4;0;2;0;0;1;3;4;42;0;2
10;1;0;0;1;1;17;2;0;2;0;0;0;2;4;42;2;2
4;0;0;0;1;1;17;2;0;2;0;0;0;1;3;42;0;1
4;0;0;0;2;1;17;3;0;2;0;0;0;1;3;42;2;2
6;1;0;0;1;2;17;3;0;2;0;0;0;1;3;42;1;1
9;0;0;3;0;1;17;3;0;2;0;0;0;1;2;42;0;1
11;1;0;0;0;1;17;4;0;2;0;0;0;3;4;42;2;1
8;0;0;0;0;1;18;2;0;2;0;0;2;0;1;42;0;1
2;0;0;0;0;1;17;3;0;2;0;0;0;1;4;42;0;1
6;1;0;1;1;1;18;3;0;2;0;0;0;3;4;42;0;1
2;1;0;3;1;1;20;3;0;2;1;0;0;3;4;42;0;1
6;2;0;0;1;1;18;2;1;2;0;0;2;1;2;42;0;1
7;1;0;2;1;1;16;3;0;2;0;0;0;1;2;42;0;1
2;0;0;1;0;1;17;1;0;2;0;0;0;1;4;42;2;1
5;1;0;2;0;2;18;2;0;2;0;0;0;0;2;42;0;0
5;1;0;1;1;1;17;3;1;2;0;0;0;0;3;42;0;1
6;1;0;1;0;1;17;3;0;2;1;0;0;1;4;42;1;1
6;0;0;0;1;1;16;3;0;2;0;0;0;1;4;42;0;1
6;1;1;0;1;1;18;3;0;2;0;0;0;3;3;42;0;2
11;0;0;1;1;1;17;3;0;2;0;0;0;1;4;42;0;1
4;1;0;2;1;1;20;4;0;2;0;0;0;3;4;42;0;1
7;1;0;0;1;2;17;3;0;2;0;0;0;1;3;42;0;1
7;1;0;0;1;1;16;3;0;2;0;0;0;2;4;42;0;1
4;1;0;2;0;1;20;3;0;2;1;1;0;1;4;42;0;1
9;0;0;1;2;0;18;2;0;2;0;0;0;1;4;42;2;1
2;1;0;3;1;1;22;2;0;2;1;0;1;0;1;42;2;2
2;1;0;1;1;2;16;3;0;2;0;0;0;3;4;42;1;2
3;0;0;0;0;1;17;1;0;2;0;0;1;1;2;42;0;2
5;1;0;1;1;0;17;3;0;2;0;0;2;0;1;42;2;1
2;1;0;1;0;0;16;4;0;2;0;0;0;2;3;42;0;1
3;1;0;3;1;1;20;3;0;2;1;0;0;0;1;43;0;1
11;1;0;0;1;2;17;3;0;2;0;0;0;3;4;43;0;1
2;1;0;1;1;0;19;1;1;2;1;0;1;1;3;43;1;0
5;0;0;3;0;1;22;1;0;2;1;0;0;2;3;43;2;1
10;0;0;0;1;1;16;2;0;2;0;0;0;2;2;43;2;0
5;0;0;0;1;2;18;3;0;2;0;0;0;1;4;43;0;1
6;1;0;0;0;1;17;3;1;2;0;0;0;2;4;44;2;1
11;0;0;0;1;1;16;2;0;2;0;0;0;1;4;44;0;2
5;0;0;3;0;2;24;2;1;2;1;0;4;0;1;44;3;1
5;1;0;0;1;2;18;4;0;2;0;0;0;2;2;44;0;1
5;0;0;1;1;2;18;3;1;2;1;0;1;0;1;44;0;1
2;0;0;3;0;1;26;2;0;2;0;0;0;0;3;44;0;0
2;0;0;1;0;1;19;3;1;2;1;0;0;1;3;44;2;1
5;1;0;2;1;2;17;4;0;2;0;0;0;3;4;44;0;2
8;0;0;0;1;1;17;2;1;2;0;0;1;1;3;44;2;1
5;1;0;0;1;0;18;4;0;2;0;0;3;1;4;44;0;2
5;1;0;0;1;0;18;4;0;2;0;0;3;1;4;44;0;2
4;0;1;0;0;0;16;1;0;2;0;0;1;0;1;44;2;1
11;0;0;1;0;1;19;4;0;2;1;0;1;3;1;44;0;1
4;1;0;3;0;2;23;3;0;2;1;0;0;3;3;44;0;1
3;0;0;3;0;1;19;2;1;2;0;0;0;1;3;44;0;1
3;0;0;1;1;2;17;2;0;2;1;0;0;1;3;44;0;2
3;0;0;3;0;2;23;2;0;2;0;0;0;0;3;44;0;1
8;1;0;1;1;1;18;4;0;2;1;0;1;2;2;44;2;2
9;1;0;0;1;1;16;3;1;2;0;0;4;0;1;44;0;2
8;0;0;0;1;1;16;2;1;2;0;0;1;1;3;44;2;1
3;1;0;0;1;1;18;4;0;2;1;0;0;2;3;44;0;1
6;1;0;0;1;2;17;3;0;2;0;0;1;0;2;44;0;2
11;1;0;0;0;3;18;3;1;2;0;0;4;3;4;44;0;1
3;1;0;0;0;2;17;4;0;2;0;0;0;3;2;44;0;2
2;1;0;0;1;1;17;3;1;2;0;0;0;2;3;44;0;1
9;1;0;0;1;1;18;3;1;2;0;0;1;3;2;44;0;2
9;1;0;0;0;1;17;3;0;2;0;0;0;3;4;44;2;1
10;0;0;0;1;1;17;2;0;2;0;0;0;1;4;44;0;1
7;2;0;3;1;2;20;2;1;2;1;0;2;0;1;44;0;2
8;2;0;0;1;1;18;2;0;2;1;0;1;1;2;44;0;1
5;0;0;0;1;2;17;3;1;2;0;0;2;0;4;44;0;2
7;1;0;3;0;1;17;3;1;2;0;0;1;3;3;44;1;1
11;1;0;0;1;2;17;5;0;2;0;0;3;3;4;44;0;2
2;0;0;3;1;1;21;2;1;2;1;0;1;1;2;44;0;1
2;0;0;3;2;1;24;3;1;2;1;0;0;2;4;44;0;1
7;0;0;0;1;1;17;2;1;2;0;0;1;2;4;44;2;1
7;1;0;3;0;1;35;2;0;2;0;1;3;1;3;44;0;1
11;0;0;2;1;2;17;2;0;2;1;0;1;2;3;44;0;1
10;1;0;1;1;1;19;4;0;2;1;0;0;3;4;44;0;2
4;1;0;0;0;1;17;3;0;2;1;0;0;3;4;44;0;1
4;0;0;0;1;1;17;2;0;2;0;0;0;1;4;44;0;1
5;0;0;0;1;3;21;1;1;2;1;0;2;0;1;44;0;1
2;0;0;0;1;1;17;2;0;2;0;0;0;0;4;44;0;1
11;0;1;0;2;0;16;0;0;1;0;0;1;2;3;44;2;0
5;1;0;0;0;1;16;3;0;2;0;0;1;1;3;44;0;1
5;1;0;0;1;2;21;2;1;2;1;0;2;0;1;44;0;2
2;0;0;0;1;1;17;2;1;2;0;0;0;0;2;44;0;2
2;1;0;3;0;3;19;4;1;2;1;0;0;1;2;44;0;1
11;1;0;0;1;2;17;2;1;2;0;0;3;2;3;44;0;2
3;1;0;0;0;2;17;4;0;2;0;0;0;3;3;44;0;2
7;1;0;0;0;0;17;2;0;2;0;0;2;1;2;44;0;1
2;2;0;0;1;1;19;2;1;2;0;0;2;1;1;44;0;2
9;0;0;0;1;2;16;3;1;2;0;0;2;0;1;44;0;2
9;0;0;3;0;1;20;3;0;2;1;0;3;1;3;44;0;2
3;0;0;0;1;1;17;1;0;2;0;0;0;1;3;44;0;1
7;0;0;0;0;0;16;3;1;2;0;0;2;0;1;44;0;1
9;0;0;0;1;1;18;2;1;2;1;0;1;0;3;44;0;2
6;0;0;0;1;1;16;2;1;2;0;0;0;1;4;44;0;1
11;0;0;0;0;3;16;4;0;2;0;0;1;3;3;44;0;1
9;0;0;0;0;0;18;3;0;2;1;0;0;2;4;44;1;1
11;0;0;2;0;1;17;2;1;2;0;0;2;0;3;44;3;2
3;1;0;0;1;3;17;4;1;2;0;0;1;3;3;44;0;2
2;0;0;0;1;1;40;2;1;2;0;1;1;2;3;44;0;1
5;0;0;1;1;1;18;2;1;2;0;0;1;2;4;44;0;1
10;1;0;0;1;1;17;3;0;2;0;0;0;3;4;44;0;1
10;0;0;2;0;0;23;2;0;1;0;1;1;0;4;44;0;1
11;2;0;0;1;3;17;3;1;2;0;0;3;2;4;44;0;2
5;1;0;0;0;2;18;3;0;2;1;0;0;2;4;44;0;2
6;1;0;1;1;2;18;3;0;2;0;0;1;2;4;44;0;2
11;0;0;0;1;1;18;3;1;2;0;0;2;1;3;44;0;0
8;2;0;1;0;2;18;3;0;2;1;0;3;0;1;44;2;1
2;2;0;3;1;1;26;3;1;2;1;0;0;1;2;44;0;1
10;0;0;0;0;2;17;2;0;2;1;0;3;0;2;44;0;1
7;0;0;2;1;2;17;2;0;2;0;0;3;1;4;44;0;1
10;1;0;0;1;2;16;3;0;2;1;0;0;1;4;44;0;1
11;1;0;0;1;3;17;3;1;2;0;0;3;0;1;44;0;1
10;0;1;2;0;0;20;3;0;1;1;0;1;1;1;44;0;1
8;0;1;1;1;1;16;2;0;2;1;0;3;2;4;44;2;1
2;0;2;1;0;1;18;3;0;2;0;0;0;0;2;44;0;1
9;0;1;0;1;0;16;2;0;2;0;0;3;2;3;44;0;2
6;0;1;0;0;0;26;2;0;1;1;1;4;0;1;44;3;1
11;0;1;0;2;0;29;1;0;0;0;0;1;0;1;44;2;1
10;0;1;0;0;0;16;0;0;1;0;0;1;1;3;44;2;0
5;0;1;0;2;0;17;3;0;2;0;0;0;1;4;44;3;1
10;0;1;0;2;1;15;2;0;2;0;0;0;1;4;44;2;1
4;1;1;3;0;0;21;3;1;2;1;0;1;0;1;44;0;1
9;1;3;0;0;3;17;4;1;2;0;0;1;3;4;44;0;2
6;1;1;3;2;1;18;2;0;1;1;0;0;1;2;44;2;2
5;0;2;3;0;1;21;2;0;2;1;0;0;0;1;44;0;1
6;0;1;1;2;0;19;1;0;0;0;0;1;0;3;44;2;0
10;0;2;1;0;0;19;1;0;2;0;0;0;1;3;44;2;1
9;0;2;0;1;1;17;3;0;1;0;0;0;0;4;44;0;1
8;1;0;1;1;1;19;2;0;2;0;0;2;0;1;44;0;2
2;0;2;0;2;0;17;0;1;1;0;0;0;0;4;44;0;0
4;1;2;0;0;0;23;1;1;2;0;0;0;2;3;44;3;2
8;1;3;0;1;2;18;4;0;2;0;0;1;3;4;44;0;2
3;0;2;0;0;0;17;2;0;2;0;0;0;1;2;44;1;1
7;0;0;0;1;1;18;2;0;2;1;0;2;1;3;45;0;1
11;2;0;0;1;2;17;2;1;2;0;0;0;0;2;45;0;0
11;1;0;0;1;4;21;3;1;2;1;0;3;2;3;45;0;2
7;0;0;3;2;1;17;1;0;2;0;1;0;1;4;45;0;0
9;1;0;1;1;2;18;3;0;2;1;0;0;2;3;45;0;0
3;1;0;0;1;2;17;2;0;2;0;0;0;3;4;45;0;1
2;2;0;2;1;1;19;1;0;2;1;0;0;1;3;45;0;0
5;0;0;1;1;1;19;2;0;2;0;0;0;1;4;45;0;2
7;0;0;0;0;1;17;2;0;2;0;0;0;2;4;45;0;0
4;0;0;1;0;1;17;3;1;2;1;0;0;2;4;46;0;2
5;0;0;2;0;0;18;4;0;2;0;0;0;3;2;46;0;2
7;0;0;3;1;1;22;2;0;2;1;0;3;1;2;46;0;2
2;0;0;0;0;1;18;3;1;2;0;0;0;3;4;46;0;2
5;0;0;1;1;1;20;2;1;2;0;0;1;0;3;46;2;1
6;0;0;0;0;1;18;3;1;2;0;0;0;0;2;46;0;1
8;0;0;0;1;2;17;2;1;2;0;0;1;1;4;46;2;1
2;1;0;1;1;1;16;4;0;2;0;0;0;3;3;46;0;2
2;0;0;0;1;2;16;3;0;2;0;0;0;3;4;46;0;2
5;1;0;0;0;1;17;4;0;2;1;0;3;0;1;46;0;2
10;1;0;0;0;1;17;2;1;2;0;1;3;1;3;46;0;2
5;1;0;0;1;1;18;3;0;2;0;0;0;0;1;46;0;1
3;1;0;0;1;1;17;4;1;2;0;0;0;2;4;46;0;2
9;1;0;0;1;1;21;4;0;2;1;0;0;3;2;46;0;2
9;1;0;1;0;1;18;3;0;2;1;0;1;1;2;46;0;1
5;0;0;0;1;1;16;2;1;2;0;0;2;1;2;46;0;1
7;1;0;0;0;1;17;3;1;2;1;0;3;0;1;46;2;1
2;1;0;1;0;1;18;4;0;2;1;0;0;1;2;46;0;2
3;1;0;1;0;1;17;4;1;2;0;0;0;3;4;46;0;2
6;0;0;3;0;2;19;2;1;2;0;0;2;0;1;46;0;2
3;1;0;0;1;1;17;3;1;2;0;0;0;2;3;46;0;2
10;0;0;3;0;1;21;2;1;2;1;0;2;1;1;46;0;2
10;0;0;1;1;1;17;3;0;2;1;0;1;0;2;46;0;1
11;0;0;1;0;0;18;2;0;2;0;1;2;1;4;46;0;0
3;1;0;0;1;1;17;4;1;2;0;0;0;2;4;46;0;2
3;0;0;3;1;2;24;1;1;2;1;1;4;0;2;46;0;2
8;1;0;1;1;1;18;3;1;2;1;0;3;0;1;46;0;2
6;0;0;3;1;2;21;3;1;2;1;0;2;1;4;46;0;2
7;1;0;0;1;1;19;2;0;2;0;0;0;1;3;46;0;1
11;0;0;3;1;2;17;2;0;2;0;0;3;1;4;46;2;1
7;1;0;0;1;1;17;3;1;2;0;0;0;1;4;46;0;1
10;0;0;0;1;2;16;2;0;2;0;0;2;3;3;46;0;1
5;1;0;0;1;0;17;3;1;2;0;0;0;3;3;46;0;2
9;1;0;0;1;2;17;3;1;2;0;0;0;3;4;46;0;2
10;0;0;1;0;2;18;1;1;2;1;0;1;0;1;46;0;2
11;2;0;2;1;1;19;2;0;2;1;0;0;0;1;46;0;2
8;2;0;1;1;1;18;2;1;2;1;0;3;0;1;46;0;2
6;1;0;2;1;1;18;3;0;2;0;0;0;2;1;46;0;1
5;1;0;0;0;0;17;3;0;2;0;0;0;1;3;46;0;2
8;1;0;0;0;1;16;3;1;2;0;0;3;2;4;46;2;2
7;0;0;3;0;1;20;2;0;2;1;1;3;1;3;46;0;2
4;2;0;3;0;1;20;1;1;2;0;0;2;0;1;46;0;2
7;2;1;1;1;1;20;2;1;1;1;0;0;2;3;46;0;1
4;0;2;3;2;0;26;2;0;2;0;0;0;0;1;46;0;1
2;0;1;0;2;0;17;1;1;1;0;0;0;0;2;46;3;0
5;1;3;0;1;2;19;4;0;2;0;0;1;3;3;46;0;2
3;0;1;3;2;3;26;2;1;1;0;0;0;0;1;46;2;1
2;0;1;0;2;0;18;1;0;0;0;0;0;0;3;46;2;0
11;1;3;3;1;2;17;4;1;2;0;0;4;1;1;46;0;1
6;1;2;1;1;1;19;3;0;2;1;0;0;2;3;46;0;2
5;0;1;0;0;1;17;2;1;2;0;0;1;2;3;46;2;1
11;0;1;0;1;1;18;2;0;1;0;0;2;0;1;46;2;1
7;1;0;0;1;2;17;4;0;2;0;0;1;3;2;47;0;2
7;1;0;3;1;1;17;2;0;2;0;0;0;2;4;47;0;2
5;1;0;0;0;2;17;3;0;0;0;0;1;3;4;47;0;1
2;0;0;0;1;1;17;2;1;2;0;0;2;0;1;47;0;0
5;0;0;0;1;1;17;1;0;2;0;0;0;1;3;47;0;2
5;1;0;3;1;2;23;4;0;2;1;0;1;2;3;47;0;2
7;1;0;0;1;2;17;4;0;2;0;0;1;3;4;47;0;2
5;2;0;3;2;2;18;3;1;2;1;0;0;1;4;47;0;2
11;0;0;1;0;1;18;2;0;2;0;1;1;1;2;47;0;1
7;0;0;3;1;1;20;2;0;2;0;0;0;0;2;47;0;1
7;0;0;3;1;1;20;2;0;2;0;0;0;0;2;47;0;1
5;1;0;0;0;1;17;3;0;2;0;0;0;3;4;47;0;2
3;1;0;0;1;1;21;3;0;2;0;0;0;1;3;47;0;1
5;0;0;1;2;1;19;2;1;2;0;0;0;0;1;47;2;1
5;1;0;1;0;1;18;3;1;2;0;0;3;1;1;47;0;2
5;1;0;0;1;1;17;4;0;2;0;0;0;3;4;47;0;2
10;0;0;0;0;1;18;2;0;2;1;0;1;0;1;47;1;2
11;1;0;1;0;2;17;2;0;2;0;0;1;0;1;47;0;1
11;1;0;3;0;2;16;2;1;0;0;0;0;1;2;47;2;2
7;0;0;0;0;1;17;2;0;2;0;0;1;0;4;47;0;2
11;0;0;0;0;1;16;3;0;2;0;0;0;0;2;47;0;1
3;0;0;0;1;1;17;2;1;2;0;0;0;1;2;47;2;2
11;1;0;3;1;1;17;3;0;2;0;0;1;1;2;47;0;1
9;1;0;1;0;1;17;3;0;2;0;0;0;1;4;47;0;2
3;0;0;0;1;1;16;2;0;2;0;0;2;1;3;47;0;1
7;1;0;3;1;2;16;3;0;2;0;0;1;3;2;47;0;2
7;1;0;0;1;2;18;3;1;2;0;0;0;2;4;47;0;2
4;1;0;0;0;1;17;5;1;2;0;0;2;3;3;48;0;2
3;1;0;0;1;1;18;4;0;2;1;0;0;2;3;48;0;1
2;1;0;0;1;1;18;2;0;2;0;0;0;2;2;48;0;1
4;0;0;0;1;1;17;3;1;2;0;0;0;3;4;48;0;2
6;0;0;0;1;1;17;2;0;2;1;0;0;1;4;48;0;1
2;0;0;3;0;1;22;2;0;2;1;0;2;1;1;48;0;1
4;1;0;0;1;1;20;3;1;2;1;0;0;1;2;48;0;1
4;0;0;3;0;1;20;1;0;2;1;0;2;1;4;48;0;1
5;1;0;3;1;2;21;2;1;2;1;0;0;2;1;48;0;2
11;0;0;1;1;1;18;3;0;2;0;0;3;3;2;48;0;1
11;1;0;1;1;1;18;2;1;2;1;0;0;1;2;48;0;2
9;0;0;0;0;1;17;2;0;2;0;0;0;1;3;48;0;2
9;0;0;2;1;1;22;2;0;2;1;1;3;1;4;48;0;1
11;0;0;3;1;2;26;3;0;2;1;0;0;0;1;48;1;1
11;0;0;1;0;0;21;1;1;2;0;0;4;0;1;48;0;1
2;0;0;0;1;1;17;2;0;2;1;0;0;1;4;48;0;2
9;0;0;1;0;1;19;2;0;2;1;0;1;0;1;48;0;1
8;0;0;0;2;2;17;3;0;2;1;0;3;1;3;48;0;2
2;0;0;3;0;1;22;1;0;2;1;0;2;0;1;48;0;1
11;0;0;1;0;1;17;2;0;2;0;0;3;0;4;48;0;2
4;0;0;0;1;1;17;3;0;2;0;0;0;1;4;48;0;2
8;2;0;0;1;1;17;4;0;2;0;0;0;3;3;48;0;2
11;0;0;0;0;0;17;2;0;2;0;1;4;0;2;48;0;2
8;1;0;0;1;1;17;3;1;2;0;0;2;2;3;48;0;1
2;2;0;3;1;1;21;2;1;2;1;0;0;1;2;48;0;1
11;1;0;3;1;1;17;3;1;2;1;0;0;0;1;48;0;0
3;0;0;3;0;1;29;2;0;2;0;0;1;0;2;48;0;2
11;0;1;3;2;1;17;1;0;0;0;0;0;3;3;48;2;2
2;1;0;1;1;1;17;4;0;2;0;0;0;1;4;48;0;2
5;0;1;0;0;1;17;1;1;0;0;0;3;0;2;48;2;1
11;0;1;0;2;1;18;2;0;0;0;0;3;0;1;48;2;2
2;0;2;1;0;0;20;1;0;2;1;0;2;0;4;48;0;1
6;0;2;3;0;0;20;2;0;2;0;0;0;1;4;48;2;2
10;0;1;0;0;1;17;1;0;0;0;1;2;0;2;48;2;1
3;0;2;3;0;0;21;1;0;2;0;0;1;0;2;48;2;2
4;0;2;0;0;0;18;2;0;2;0;0;0;1;3;48;2;1
8;0;2;2;2;0;19;1;0;2;1;0;0;0;1;48;0;0
2;0;0;1;0;1;19;2;0;0;0;0;2;1;2;48;1;1
8;1;0;0;1;0;16;3;1;2;0;0;0;1;3;49;0;0
3;0;0;0;0;1;17;2;1;2;0;0;0;1;4;49;0;0
11;1;0;3;0;0;17;2;1;2;0;0;3;0;1;49;0;1
5;0;0;0;1;1;16;2;1;2;0;0;0;3;4;49;2;1
5;1;0;0;1;1;17;3;1;2;0;0;0;2;3;49;0;1
3;1;0;3;0;1;22;2;0;2;1;0;3;1;1;49;0;0
9;1;0;0;1;1;16;2;0;2;0;0;0;1;3;49;0;1
10;1;0;3;0;2;17;5;0;2;0;0;1;3;4;49;0;2
2;0;2;1;2;0;22;1;0;1;0;0;0;1;3;49;2;0
